SaleId,Country,SaleDate,ProductId,Category,ProductName,Qty,Price,Amount
e3e004c5-6015-4a17-b652-b9efac1b984d,Qatar,2024-12-01,6245.0,Smart Phone,Galaxy,5.0,24.41,122.05
227f0556-03aa-4fac-a819-562b951b769c,Qatar,2025-03-13,7393.0,Jeans,Slim Fit,5.0,35.18,175.9
b81ae4a3-c4cb-4c68-a319-594f630ee896,Qatar,2024-12-09,9553.0,Shoes,Boots,7.0,50.27,351.89
f0f463a9-ced3-4e66-8523-326920a22ec9,Qatar,2024-10-16,9984.0,Jeans,Regular Fit,9.0,33.55,301.95
ff77cf14-a19e-4e81-aae0-97c79830e432,Qatar,2025-03-15,7200.0,Perfumes,Fresh,6.0,41.64,249.84
befa9c6d-7f65-4d8a-96d4-f7ef284b73dd,Qatar,2024-11-20,3590.0,Jeans,Regular Fit,2.0,49.14,98.28
d26567fd-5d2a-4d67-a597-b225101a92f7,Qatar,2025-05-12,9146.0,Water bottles,Steel,4.0,32.55,130.2
16346471-34ce-4146-a1d3-b8f2f3ac25cb,Qatar,2025-02-16,3937.0,Tshirts,Cotton Tee,10.0,37.18,371.8
26c04950-5717-4768-b3fc-fd7df605aa9c,Qatar,2024-09-23,7394.0,Perfumes,Spicy,7.0,31.09,217.63
85602eef-002d-411d-88aa-29dad4c5be4f,Qatar,2024-09-15,7397.0,Shoes,Loafers,2.0,40.68,81.36
2e0447a7-73de-47c2-9001-3c45e0e9f830,Qatar,2024-06-24,1926.0,Perfumes,Citrus,8.0,52.86,422.88
021cfacb-2673-4d23-85d0-a0ac56e81bc3,Qatar,2025-01-12,4730.0,Smart Phone,iPhone,5.0,49.14,245.7
1670aa16-c47d-42f0-b2ff-f51f5498e46f,Qatar,2024-07-26,5604.0,Water bottles,Plastic,9.0,35.41,318.69
e741c19d-ceb4-4025-87ed-9338dcb3debf,Qatar,2024-12-09,8954.0,Water bottles,Plastic,9.0,31.82,286.38
b1d5aea5-43e6-471f-b8f2-30b1831204ff,Qatar,2025-05-01,4224.0,Perfumes,Citrus,4.0,38.05,152.2
773001f3-a29a-466a-97c3-ba39ae505fe7,Qatar,2025-04-19,8892.0,Jeans,Skinny,7.0,53.36,373.52
26b07bc1-8b43-4745-8316-4e09977c547f,Qatar,2025-02-05,5976.0,Water bottles,Steel,2.0,34.86,69.72
18bf4a71-2609-4490-819e-83150b8dcc73,Qatar,2025-05-09,3412.0,Jeans,Bootcut,4.0,49.55,198.2
7df95cb3-378e-445a-97bd-1f603a63d868,Qatar,2025-01-10,1698.0,Smart Phone,Xiaomi,8.0,40.86,326.88
62038741-911d-4f90-ae5a-5d3ccdd42776,Qatar,2024-07-11,7691.0,Smart Phone,Galaxy,6.0,39.73,238.38
84f20b1a-7691-4c41-be4e-1e82580383d6,Qatar,2025-03-09,4556.0,Tshirts,Graphic Tee,6.0,33.36,200.16
8101dec7-5c93-408a-951e-766fade5786b,Qatar,2024-11-13,5624.0,Jeans,Slim Fit,7.0,28.36,198.52
58c9af23-def6-421a-b1b4-79b8c6bbb861,Qatar,2025-04-15,7832.0,Tshirts,Graphic Tee,9.0,50.05,450.45
4cee122e-b3c8-400a-846a-24443694bac0,Qatar,2024-11-25,3354.0,Shoes,Boots,5.0,41.0,205.0
fdfcec1c-c1d7-4eda-bfbd-8269320727ab,Qatar,2024-11-21,6274.0,,Spicy,8.0,50.45,403.6
114ec95b-1de3-49a0-93b2-0d1633dd88e6,Qatar,2025-04-28,1413.0,Water bottles,Smart,6.0,52.77,316.62
3fe11115-fc22-49c7-8bca-bfe154c4321c,Qatar,2024-08-19,6511.0,Tshirts,Polo Shirt,4.0,50.59,202.36
bc78b285-8dd4-4f36-bafb-94305d92f083,Qatar,2024-12-04,3602.0,Jeans,Skinny,9.0,27.32,245.88
70fe5439-4312-47ec-bcac-c79501d24fa4,Qatar,2024-10-15,7207.0,Smart Phone,Realme,3.0,49.86,149.58
20e5a4cd-8843-4cb5-8b54-acd0b5663d62,Qatar,2024-12-09,9945.0,Jeans,Straight,1.0,52.91,52.91
5229f835-4c9a-460d-bec1-c04cf84953db,,2025-02-12,9201.0,Perfumes,Floral,1.0,40.82,40.82
aa45baab-b913-461f-943b-5685725df3ff,Qatar,2024-07-03,8743.0,Tshirts,Full Sleeve,2.0,25.27,50.54
af1b90b5-127f-4138-b525-bedc503b5f3f,Qatar,2025-04-06,7490.0,Smart Phone,Galaxy,2.0,42.05,84.1
a7a39446-a81b-440e-9864-630e20de77c5,Qatar,2024-05-27,8876.0,Smart Phone,iPhone,5.0,48.86,244.3
e602a5e4-b63d-4413-8ba8-221cd765cbd2,Qatar,2025-05-14,5209.0,Water bottles,Foldable,9.0,51.86,466.74
3849406d-4369-47ca-b466-e6deca548687,Qatar,2024-05-15,7351.0,Tshirts,Polo Shirt,1.0,22.77,22.77
4941831c-ec06-4596-8701-421214e50490,Qatar,2024-09-29,5443.0,Perfumes,Spicy,4.0,29.23,116.92
11b25788-36aa-427d-b469-f389ee7b9958,Qatar,2024-12-31,1748.0,Shoes,Formal Shoes,10.0,40.18,401.8
a21821b2-cab4-40e6-b4bd-d8b7bf0e489d,Qatar,2024-09-08,5824.0,Water bottles,Smart,7.0,48.82,341.74
7f0fc5c1-9982-4f3b-9989-92f84d30ef2c,Qatar,2024-10-02,7610.0,Jeans,Relaxed,2.0,32.86,65.72
fef83c0d-b5e6-4989-b2b2-19fc0dbe742b,Qatar,2025-05-10,4561.0,Water bottles,Glass,2.0,47.32,94.64
eb1679f4-fa46-4054-afe6-1bfa74d2feb6,Qatar,2024-08-07,9437.0,Smart Phone,Realme,7.0,34.09,238.63
49d8e8e0-e72c-4890-bdb5-12b320a801b8,Qatar,2024-12-26,5326.0,Shoes,Boots,2.0,42.23,84.46
e13c82d6-edeb-4757-8a7c-2c598e870678,Qatar,2024-10-31,8380.0,Jeans,Slim Fit,9.0,47.41,426.69
fb060272-1e1e-4ce0-af8e-1eb734ece149,Qatar,2024-09-12,9607.0,Jeans,Slim Fit,4.0,41.82,167.28
8e3a3300-6576-4940-8c2c-9e0837e558a0,Qatar,2024-11-09,1294.0,Perfumes,Fresh,5.0,41.23,206.15
693fd289-628f-47ea-a716-a5cf389f41c4,Qatar,2025-04-12,1205.0,Smart Phone,Galaxy,4.0,52.41,209.64
7304109b-f78b-41c1-ac15-f7e300f491a5,Qatar,2024-10-07,2968.0,Jeans,Regular Fit,5.0,41.95,209.75
c995e892-2e55-4f0d-b790-d5c2dd8e877b,Qatar,2025-02-04,4482.0,Water bottles,Smart,10.0,43.0,430.0
6a53990d-80e1-4aa2-9b3c-eb9fdbd4e6eb,Qatar,2025-04-15,5285.0,Perfumes,Floral,10.0,37.45,374.5
6d39b326-2237-4214-b0bb-b114c336f8f3,Qatar,2024-08-23,,Smart Phone,Pixel,5.0,42.91,214.55
4ca32449-e803-444a-82d7-049dd9b98cfa,Qatar,2025-02-18,1531.0,Jeans,Regular Fit,2.0,49.59,99.18
5a314851-8b07-4443-85ee-15b3e32f8cf9,Qatar,2024-08-11,4315.0,Water bottles,Plastic,3.0,53.36,160.08
43be644f-ea05-4652-a747-4ee9409b9de5,Qatar,2024-08-01,9533.0,Jeans,Straight,7.0,29.64,207.48
dc36f51e-fb40-4b2d-8f2d-6d1ea8672480,Qatar,2025-03-20,6758.0,Tshirts,Polo Shirt,10.0,40.41,404.1
42ea57a8-f784-447a-a76d-decf191ba3ae,Qatar,2024-07-23,4850.0,Perfumes,Woody,10.0,50.86,508.6
169dfd86-aea5-457d-8ead-324277ba0b10,Qatar,2024-11-14,1310.0,Jeans,Regular Fit,3.0,37.27,111.81
b9d0832f-b5d7-4e8e-8f21-e8ec4e92f237,Qatar,2025-05-13,5135.0,Smart Phone,OnePlus,5.0,34.73,173.65
1847ec9d-876e-43a8-b31e-eab9a03c3b65,Qatar,2024-06-15,6921.0,Shoes,Loafers,7.0,52.0,364.0
8d6fa5e1-d1fd-4139-bc20-4440bcf4fa3d,Qatar,2025-03-23,7719.0,Water bottles,Foldable,9.0,42.95,386.55
64d52043-b079-4390-a8da-e31a31840e0c,Qatar,2024-09-21,3904.0,Tshirts,Cotton Tee,4.0,37.09,148.36
6d7bc369-7612-4039-a655-f4f87d260119,Qatar,2024-12-01,8997.0,Smart Phone,OnePlus,10.0,23.82,238.2
5c62a247-35a8-43a9-9165-911e5db93433,Qatar,2025-03-16,2178.0,Tshirts,V-neck,8.0,48.86,390.88
4f004e22-c68a-45df-955c-ec3a35680809,Qatar,2024-06-17,4605.0,Shoes,Boots,10.0,38.91,389.1
8e2e8dc8-fef1-423f-9063-fb37c6410765,Qatar,2024-05-23,8083.0,Water bottles,Steel,7.0,52.5,367.5
2159da73-dadf-41c5-bdcb-a8f8c9601d84,Qatar,2024-07-27,9028.0,Jeans,Skinny,8.0,47.41,379.28
5d0280d2-1d6f-4d42-a7f2-6386d97a7657,Qatar,2025-04-15,2539.0,Tshirts,Polo Shirt,10.0,39.27,392.7
9c1b2b3f-3954-4207-94fd-ca961332ee00,Qatar,2024-06-24,6045.0,Jeans,Slim Fit,7.0,35.09,245.63
4ecd23c4-000e-46ac-b78e-736186939b96,Qatar,2024-08-31,4005.0,Smart Phone,iPhone,7.0,28.14,196.98
f8c93397-69a6-45f6-b2e5-307dbfd79d5f,Qatar,2024-08-19,1209.0,Water bottles,Insulated,1.0,41.09,41.09
b9e32584-dd2f-4c09-80a6-2f7b1647a849,Qatar,2024-12-03,7451.0,Jeans,Bootcut,5.0,46.36,231.8
626cd97f-ef0b-4e66-8cdb-bda218e54c3a,Qatar,2025-03-11,1303.0,Tshirts,Polo Shirt,6.0,51.68,310.08
fb13c4ee-a0fb-41e1-96d8-cd814fd67609,Qatar,2025-03-20,2467.0,Perfumes,Spicy,8.0,49.14,393.12
7b306b99-e7de-43d5-bb32-9ae357b667f2,Qatar,2024-08-09,8441.0,Jeans,Relaxed,10.0,43.91,439.1
618202ce-9281-4b0d-b048-7fc29cf3eab8,Qatar,2024-11-09,4665.0,Shoes,Sandals,6.0,49.64,297.84
5d242ff6-0ea0-43bb-ac67-494bacb456d3,Qatar,2024-11-27,5373.0,Tshirts,Tank Top,3.0,52.64,157.92
fbf323d8-9ed5-4dbb-9cf2-4a2ee9428964,Qatar,2024-11-12,4368.0,Smart Phone,OnePlus,2.0,54.45,108.9
baeb9934-2ed1-4373-8ef1-a123a016f69f,Qatar,2025-04-03,2029.0,Smart Phone,Realme,7.0,32.77,229.39
86142f38-c195-442c-ad8a-ad7e08f16514,Qatar,2024-09-24,6745.0,Smart Phone,Galaxy,9.0,32.86,295.74
df335e9a-cef8-4c01-a4ca-0dbb9832fcdc,Qatar,2025-03-20,6485.0,Shoes,Sandals,8.0,53.09,424.72
bdcd79ee-a7e3-4e20-b1c7-76d784ab8be3,Qatar,2024-10-11,5343.0,Tshirts,Cotton Tee,6.0,30.18,181.08
140be992-be9c-45a4-b14f-75c4f8f248a1,Qatar,2024-09-26,4954.0,Shoes,Formal Shoes,4.0,30.18,120.72
99bb6701-2b6e-4210-bec2-7a2f7153b57a,Qatar,2025-01-20,6158.0,Tshirts,Tank Top,6.0,24.68,148.08
9fada6f5-a445-4252-ba1c-0f77e0e50bc4,Qatar,2024-08-22,6452.0,Jeans,Slim Fit,3.0,46.36,139.08
70e08b47-3cad-407c-86e8-868ce0a5c214,Qatar,2025-03-22,6724.0,Jeans,Relaxed,9.0,34.45,310.05
f11d044a-dded-41d7-8dd0-b1214797a5e4,Qatar,2024-05-26,9601.0,Smart Phone,iPhone,2.0,30.68,61.36
88376d40-3ac5-4c2a-9fe5-9f2501ddd910,Qatar,2024-08-05,4088.0,Smart Phone,Realme,9.0,47.0,423.0
1ef10ccd-9b6f-41a3-b8bb-cc542fc068d2,Qatar,2024-08-18,2431.0,Jeans,Relaxed,4.0,43.23,172.92
e141dc61-b8c2-4889-8055-b7d85a0c2aac,Qatar,2024-10-11,5219.0,Shoes,Boots,6.0,48.05,288.3
1a75c928-5071-4ea9-8781-20d2d6a36a7b,Qatar,2024-05-31,5606.0,Tshirts,Graphic Tee,1.0,28.91,28.91
b1106dd8-4437-44d3-ad52-925ca5d0e64a,Qatar,2025-03-16,5057.0,Smart Phone,Galaxy,5.0,48.32,241.6
f39ee624-db6b-4c7a-99cb-b4b437e9c072,Qatar,2024-07-06,8957.0,Smart Phone,OnePlus,2.0,54.05,108.1
92042eee-c8a6-4c98-927e-104732522675,Qatar,2025-01-09,8774.0,Water bottles,Plastic,10.0,45.5,455.0
983a0480-55ee-40c7-9c88-99b243b368c5,Qatar,2024-07-09,2143.0,Jeans,Relaxed,6.0,41.14,246.84
0569f9ac-16ba-4e62-a08b-50b70da9cec1,Qatar,2024-07-22,9015.0,Perfumes,Fresh,6.0,37.95,227.7
cddfa8d7-7ba1-4f41-8b7f-eb206fab8011,Qatar,2024-12-07,5899.0,Water bottles,Smart,1.0,23.59,23.59
9786b301-432a-4bdd-848b-2713fa0c7fb4,Qatar,2025-04-21,8795.0,Tshirts,Cotton Tee,2.0,46.59,93.18
33c25e93-7826-4f74-a243-d59d90d70dfb,Qatar,2024-12-01,4867.0,Water bottles,Foldable,3.0,34.64,103.92
6d577ccc-058f-466e-95a3-8c5edcf05365,Qatar,2024-06-16,4446.0,Jeans,Regular Fit,1.0,24.91,24.91
f2226115-05de-4976-9765-902adae221e8,Qatar,2025-03-24,7715.0,Tshirts,Graphic Tee,3.0,28.95,86.85
77a3bcba-c2b1-4abe-af8b-f7b6081dc650,Qatar,2024-05-25,6474.0,Tshirts,Polo Shirt,9.0,53.14,478.26
0f7a7992-786f-4a12-8197-75276ec64a04,Qatar,2024-11-16,3620.0,Water bottles,Plastic,5.0,53.86,269.3
e20f50fd-3d39-49cb-aead-67149986df10,Qatar,2025-02-17,2798.0,Water bottles,Glass,8.0,31.91,255.28
76335450-7df2-4e2c-b006-c430209bb693,Qatar,2024-08-20,6962.0,Jeans,Straight,7.0,28.05,196.35
855ad5d5-9697-4820-a505-04a299250e14,Qatar,2024-09-06,5070.0,Jeans,Straight,10.0,24.09,240.9
8023f539-ef67-41b6-a946-1a1f7f8bf62b,Qatar,2024-11-03,6479.0,Smart Phone,Realme,4.0,41.14,164.56
c74bdef2-8149-459c-b184-3535eaaaa624,Qatar,2024-05-18,8001.0,Smart Phone,Xiaomi,9.0,40.64,365.76
092b041d-7ef7-4a10-8a73-c838446f9dd4,Qatar,2024-11-06,1946.0,Water bottles,Glass,4.0,23.14,92.56
1e208b43-306b-4fc4-8288-35d69d45543d,Qatar,2025-04-15,5199.0,Tshirts,V-neck,5.0,40.09,200.45
152c4aad-f2be-406d-bd46-825c3ee67d5f,Qatar,2024-10-27,9234.0,Tshirts,Cotton Tee,2.0,40.82,81.64
42d6f44c-f2ba-4696-8458-cce7d42111b7,Qatar,2024-08-25,6607.0,Shoes,Sports Shoes,1.0,44.32,44.32
9fffa3f7-9e8b-4907-ac5f-0fe7278e4cfc,Qatar,2025-03-13,7546.0,Perfumes,Woody,6.0,36.23,217.38
00d2d503-f813-4dba-83c5-d1215a4594cf,Qatar,2024-08-17,8211.0,Tshirts,V-neck,2.0,53.23,106.46
1e09f522-97d9-45c4-a485-d43c98e4dc15,Qatar,2025-03-21,5508.0,Shoes,Loafers,7.0,49.73,348.11
0f641d79-d772-4ab4-8b7b-4cbece1aa7e1,Qatar,2025-03-22,8584.0,Jeans,Straight,10.0,22.86,228.6
0697f23e-29d1-4687-aca4-eade355ef82f,Qatar,2024-06-28,3391.0,Tshirts,Cotton Tee,1.0,39.41,39.41
9bf85468-a0c1-40af-b984-e1f8ddcb32bb,Qatar,2024-09-29,1360.0,Tshirts,Full Sleeve,7.0,51.09,357.63
14111c2b-3352-4551-a0c6-1af64ace06d9,Qatar,2025-01-26,3294.0,Water bottles,Insulated,4.0,27.32,109.28
ff2868c3-c210-435d-89fa-ba0bb324ffc8,Qatar,2025-02-07,6678.0,Jeans,Relaxed,6.0,38.14,228.84
b575008f-49b2-446b-87db-14f34c1d46c4,Qatar,2024-11-04,6398.0,Jeans,Relaxed,3.0,30.27,90.81
3c988376-53d1-4f8e-ae0e-8614a35985a0,Qatar,2024-12-04,9778.0,Perfumes,Aqua,9.0,37.82,340.38
dc0c4fc9-2534-4aaa-bc6b-c6712824f71e,Qatar,2025-02-01,4076.0,Jeans,Skinny,8.0,52.86,422.88
23596be8-dece-4697-83e5-72dec3c2a462,Qatar,2024-10-30,5497.0,Jeans,Bootcut,1.0,35.32,35.32
5ae3a07a-963d-4e79-a1aa-4132da1983a0,Qatar,2025-04-16,2613.0,Water bottles,Glass,7.0,45.82,320.74
deee3ce8-2f46-43a2-97e2-3139812331dc,Qatar,2024-10-01,8651.0,Shoes,Formal Shoes,4.0,54.18,216.72
872242c6-c625-44d3-ab36-a78baf80ef2b,Qatar,2025-03-14,3030.0,Tshirts,Cotton Tee,2.0,26.77,53.54
ba0a4e55-ba59-4ca8-ac58-456e933f7d2f,Qatar,2025-04-10,5969.0,Jeans,Bootcut,9.0,37.59,338.31
74177003-8076-4cbf-bde2-c14d43057119,Qatar,2024-10-11,9396.0,Jeans,Skinny,9.0,43.45,391.05
bd4ca96c-95cf-4765-881f-1fdc8ded95e6,Qatar,2024-06-27,6330.0,Jeans,Skinny,4.0,24.59,98.36
9275b5b8-82aa-43a7-87cb-80ecbcb234e2,Qatar,2024-07-05,,Smart Phone,OnePlus,10.0,47.45,474.5
0a83a23a-4a5c-4385-b63b-7fc8683fb175,Qatar,2024-08-14,7766.0,Tshirts,V-neck,9.0,39.41,354.69
58bf597c-5c71-43e8-ae26-e2bc987d2796,Qatar,2025-03-14,9319.0,Perfumes,Aqua,8.0,50.32,402.56
a9fefec0-2254-4932-b638-e439c1b2a715,Qatar,2024-07-12,8186.0,Perfumes,Citrus,5.0,25.86,129.3
72706f7a-4cce-4196-9469-89cfc6a59693,Qatar,2025-03-08,9079.0,Jeans,Regular Fit,4.0,51.05,204.2
dfb695fa-930d-421e-9f42-332a4581a3cf,Qatar,2024-07-22,1631.0,Water bottles,Glass,6.0,36.45,218.7
b5f018e4-0fe7-4f7e-be53-61f0045bdf7d,Qatar,2024-09-01,6422.0,Jeans,Slim Fit,6.0,37.86,227.16
fbb7c395-998f-4818-9d3b-6e50e4887756,Qatar,2024-09-01,9968.0,Smart Phone,OnePlus,8.0,43.41,347.28
b0200b6d-91b6-4a23-8f7f-85a7d50653a9,Qatar,2025-02-24,7816.0,Tshirts,Cotton Tee,4.0,54.36,217.44
ec09b2f2-43e0-49f0-a579-b25e763b7b46,Qatar,2025-02-17,8149.0,Perfumes,Spicy,1.0,33.09,33.09
ad80a85c-328d-4ab9-a1f0-3a416d26af9a,Qatar,2024-12-18,4620.0,Shoes,Sandals,3.0,41.86,125.58
ee1cf2d2-07a5-4464-a6d1-bd9257f00393,Qatar,2024-07-18,3537.0,Shoes,Boots,2.0,54.5,109.0
272ddbc4-fc58-4d22-869b-5d9ee948c42a,Qatar,2024-11-20,2854.0,Smart Phone,Galaxy,10.0,48.27,482.7
46bbed34-33b3-4963-a0ab-61c0b184add3,Qatar,2024-06-23,1809.0,Shoes,Sports Shoes,8.0,49.27,394.16
f5db9cf0-486d-4aed-96c7-b5a20e4e4b22,Qatar,2024-10-02,3015.0,Tshirts,Cotton Tee,3.0,38.91,116.73
f4d0d392-8ee9-4d39-bdfa-71a36c88d143,Qatar,2025-01-26,4334.0,Jeans,Regular Fit,9.0,40.36,363.24
ed83cef6-f857-4817-8b59-575c5f7db347,Qatar,2025-01-24,7795.0,Smart Phone,Galaxy,9.0,23.05,207.45
d203e944-8f7c-41cd-8dd0-e178824c2980,Qatar,2025-03-13,2501.0,Smart Phone,Pixel,2.0,54.41,108.82
c2567f37-6ad9-4975-80b3-b45407ac1143,Qatar,2025-02-16,8760.0,Perfumes,Fresh,9.0,49.59,446.31
54629075-e924-4b6b-9edc-cf4816bb3b54,Qatar,2025-02-02,9950.0,Water bottles,Plastic,8.0,23.05,184.4
0641f2bb-ade1-466b-a56f-50b459aaae04,Qatar,2024-06-17,2282.0,Tshirts,Full Sleeve,4.0,28.14,112.56
d75a213e-5e92-430d-9ba7-a61117c402b1,Qatar,2024-08-01,3837.0,Perfumes,Spicy,8.0,52.45,419.6
48f815a2-67e8-4184-a969-539f0b309c1b,Qatar,2024-06-01,4557.0,Perfumes,Floral,2.0,44.41,88.82
3e34d705-6ef5-457b-9217-07d1f0c0162d,Qatar,2024-11-24,9902.0,Shoes,Formal Shoes,1.0,41.05,41.05
84cd740f-7292-43c7-a2e3-58598f7dfe90,Qatar,2024-07-18,5868.0,Jeans,Regular Fit,8.0,46.95,375.6
7325be9f-f06a-46ea-b3dd-0af04888171c,Qatar,2024-12-01,3213.0,Perfumes,Fresh,3.0,39.14,117.42
3b8abb2d-8b2e-44a7-8205-dfebbd38d1a2,Qatar,2024-09-07,4053.0,Water bottles,Smart,10.0,48.82,488.2
6f59da81-679e-416b-8413-a659be2beed6,Qatar,2024-09-04,5556.0,Perfumes,Fresh,9.0,27.59,248.31
69bc3bd9-d0f0-471c-ba59-aaf1261e43aa,Qatar,2024-09-10,8587.0,Shoes,Loafers,8.0,49.5,396.0
c439131b-31b2-42dd-8f0d-dc0fa5f3540e,Qatar,2025-02-03,7659.0,Jeans,Slim Fit,1.0,49.18,49.18
c8eeeaad-9808-4b94-b13d-69093d5798e2,Qatar,2025-01-21,9491.0,Smart Phone,iPhone,10.0,45.82,458.2
8cb6eb6a-b16c-478d-aedf-999e17c9e43a,Qatar,2024-11-14,5214.0,Perfumes,Spicy,5.0,53.14,265.7
379c2a7a-9c1f-47f1-90c1-2a2a624f4792,Qatar,2025-03-18,7608.0,Shoes,Sandals,5.0,54.55,272.75
322c0555-24e8-411a-a751-f7d94f9a936c,Qatar,2025-01-07,2046.0,Shoes,Boots,1.0,27.82,27.82
a94a2ef6-1f2a-49b9-a5ba-54e7f56fc67d,Qatar,2024-12-08,3982.0,Perfumes,Floral,3.0,42.55,127.65
c81088d8-9398-46fa-a39c-65ffd6fbf73b,Qatar,2025-03-17,4043.0,Shoes,Boots,4.0,53.14,212.56
77bbde6c-39ff-49f5-8d6d-874be73fb622,Qatar,2024-08-02,5928.0,Smart Phone,OnePlus,2.0,49.14,98.28
8554e472-fd46-4c7e-a21c-b77fb4f3bc13,Qatar,2024-09-17,9215.0,Tshirts,Full Sleeve,4.0,34.77,139.08
43f780d6-eda1-49db-8d2c-55f13e9e998c,Qatar,2025-03-15,6776.0,Water bottles,Foldable,10.0,32.45,324.5
bc194683-d987-4067-912d-b7de565ae02f,Qatar,2024-07-04,7952.0,Water bottles,Smart,1.0,49.14,49.14
f0cdba27-4165-4e8a-a39f-2d8a42d9f538,Qatar,2025-01-02,5324.0,Perfumes,Fresh,7.0,49.36,345.52
ea5d736a-6a0b-4c6f-b7d6-65e436ff7617,Qatar,2024-08-09,8117.0,Shoes,Sandals,4.0,46.32,185.28
4055e0bd-e1ff-4bb5-b160-c6125ae9e8bb,Qatar,2025-03-20,9357.0,Smart Phone,OnePlus,9.0,42.09,378.81
74b6b87b-4003-4eac-b16d-7b796e6944d3,Qatar,2025-02-15,7040.0,Smart Phone,Xiaomi,4.0,37.09,148.36
536770dd-3fe3-4f1f-8cfb-46d323254f28,Qatar,2024-06-15,4857.0,Water bottles,Steel,4.0,45.45,181.8
da2aee4f-e10e-466b-910c-9f32394ad526,Qatar,2024-12-12,1813.0,Smart Phone,Realme,2.0,53.91,107.82
435b42e4-a03b-40ea-966c-57ad8b1dc5fb,Qatar,2024-07-25,4044.0,Smart Phone,Pixel,2.0,40.77,81.54
de375167-802e-47a4-900a-2223b5a68a39,Qatar,2025-05-09,9280.0,Water bottles,Smart,6.0,31.68,190.08
bc96f740-13d1-4022-b875-7dc39d98235d,Qatar,2025-03-29,3475.0,Water bottles,Smart,8.0,22.82,182.56
875bd28d-14de-4894-9a67-4f17207d269d,Qatar,2024-08-25,8522.0,Jeans,Skinny,3.0,49.86,149.58
c74c3c93-a781-4cde-96ae-03b4e6723a7f,Qatar,2025-04-02,1342.0,Jeans,Relaxed,6.0,46.05,276.3
791bdf35-21f8-4d19-98e5-07565570cb37,Qatar,2024-05-21,3952.0,Jeans,Regular Fit,10.0,41.73,417.3
6de10032-9ed4-4f56-9dcd-c9f059f1e37c,Qatar,2024-06-20,5750.0,Shoes,Loafers,6.0,48.5,291.0
fae89e86-e750-484f-9108-1c61372f8424,Qatar,2024-11-25,1733.0,Tshirts,Full Sleeve,4.0,31.41,125.64
0198e277-de0a-4fd4-b132-776a4fe685c9,Qatar,2025-01-12,4618.0,Jeans,Relaxed,6.0,41.0,246.0
02c660ff-13a9-4dff-ad98-66da0a472bfb,Qatar,2024-12-31,8467.0,Smart Phone,iPhone,6.0,37.32,223.92
ef94aed8-cdb7-4cd6-96d2-ae024999a59c,Qatar,2024-07-31,8535.0,Shoes,Sports Shoes,3.0,43.68,131.04
726f55ac-ff93-402f-8852-fbcc1c381ac3,Qatar,2024-08-14,3942.0,Water bottles,Steel,3.0,31.45,94.35
59f4b244-6946-49fc-accb-d26f69ecaf22,Qatar,2024-10-15,9358.0,Jeans,Bootcut,8.0,45.14,361.12
25427d14-c349-463f-ab24-1f7c05acf9f0,Qatar,2024-08-19,6338.0,Smart Phone,Xiaomi,1.0,38.05,38.05
6bc5c3ad-2658-4678-969f-8ded54ee04b5,Qatar,2024-11-07,3274.0,Water bottles,Glass,6.0,37.32,223.92
3df0b75f-aca8-45a4-8ddc-0cb3e4ed65ef,Qatar,2024-10-18,8153.0,Smart Phone,Galaxy,1.0,29.64,29.64
6d1fc3ca-0aaa-46ae-bcc8-18d98cc39180,Qatar,2024-12-24,6229.0,Tshirts,Graphic Tee,2.0,34.41,68.82
c5c93492-1375-4d91-b4f9-877f765d3fe8,Qatar,2024-06-10,7276.0,Shoes,Boots,10.0,39.5,395.0
994ccfba-b02a-4eae-9e97-95117421c003,Qatar,2024-07-31,4947.0,Smart Phone,Pixel,3.0,27.86,83.58
300814d2-cbb5-4b50-8ca7-fa3b5d6f07b4,Qatar,2024-12-23,9679.0,Perfumes,Floral,10.0,53.55,535.5
b36bc03f-952f-4dda-bbec-676948290817,Qatar,2024-09-15,2773.0,Water bottles,Plastic,1.0,44.95,44.95
08358e9c-3a29-4b47-872b-dc25b4cdb30a,Qatar,2024-07-10,2808.0,Shoes,Sneakers,7.0,43.09,301.63
b882b001-2486-4896-8648-e5d992d3531e,Qatar,2024-05-27,4118.0,Jeans,Regular Fit,9.0,29.68,267.12
5d7242a5-c652-4b75-a42f-8f8148d09d10,Qatar,2025-02-18,4674.0,Water bottles,Smart,1.0,52.14,52.14
c3926bcf-33fd-4a9c-aaa9-6aeffb037028,Qatar,2024-08-14,1867.0,Shoes,Boots,9.0,42.23,380.07
8a4e6e7a-d1d3-42f9-93e0-24d200bdeefd,Qatar,2025-04-28,4822.0,Jeans,Relaxed,5.0,22.91,114.55
0873015b-72ef-4a42-add7-ef2d736a1131,Qatar,2025-01-17,6587.0,Shoes,Boots,6.0,49.73,298.38
9f558bb0-dfb2-4cde-b337-daf6b429db31,Qatar,2024-07-18,2516.0,Smart Phone,iPhone,7.0,,267.26
d8cb26ef-d72f-4093-a456-6dc572f6f598,Qatar,2024-12-09,7237.0,Smart Phone,Xiaomi,5.0,50.91,254.55
60eb59f9-743a-47e5-9bc2-c57a8778bddc,Qatar,2025-01-04,2546.0,Jeans,Regular Fit,3.0,52.77,158.31
3c9bf44c-bd4f-481c-b3ab-c4eb7e5b4dc7,Qatar,2025-02-05,1457.0,Jeans,Straight,1.0,50.68,50.68
d10e19a8-b6a0-443c-9a27-099784e5d8a9,Qatar,2024-08-22,4319.0,Smart Phone,Galaxy,9.0,24.05,216.45
7792dac6-5e5d-4d81-9747-a3cbee6ff30b,Qatar,2024-05-22,9150.0,Water bottles,Plastic,10.0,41.32,413.2
61d7b2f2-fd8f-4627-b0c4-68fada3ce8a9,Qatar,,1109.0,Water bottles,Plastic,10.0,42.45,424.5
2e0fab6e-6457-4551-82ce-41ce9398bc57,Qatar,2025-04-16,8143.0,Jeans,Slim Fit,8.0,48.95,391.6
a63c00a2-966f-4fcb-80d3-88e6d6a3d393,Qatar,2024-06-09,2101.0,Shoes,Formal Shoes,7.0,23.77,166.39
0c8a8d84-0c88-4da5-b7a4-788ca7579b0d,,2025-04-17,9640.0,Perfumes,Aqua,8.0,42.82,342.56
d810f5c2-edd7-40d5-983f-f296062cf05b,Qatar,2025-03-21,8604.0,Shoes,Formal Shoes,3.0,27.73,83.19
81ab5333-62bd-4cc9-b299-e365225673de,Qatar,2024-07-03,6502.0,Jeans,Straight,5.0,32.41,162.05
c5dd5187-a7f2-4a19-a5c1-382e6d42ecf8,Qatar,2025-02-23,6801.0,Tshirts,Graphic Tee,10.0,43.0,430.0
d8241de8-e6cd-4d88-90e2-65fcdd85a838,Qatar,2024-06-29,4934.0,Jeans,Slim Fit,3.0,40.5,121.5
d57b07c2-bab5-4fc2-ad6d-c25edb00ebd5,Qatar,2024-12-20,8747.0,Perfumes,Fresh,4.0,31.73,126.92
1ee2c3e8-8a95-4042-9cf4-85f0306b43a8,Qatar,2024-12-13,2851.0,Jeans,Straight,2.0,52.27,104.54
431b9f9f-7f23-432f-ba18-a17b7d74dbf1,Qatar,2024-11-27,6457.0,Jeans,Straight,10.0,40.27,402.7
37564580-4e90-4ab1-8cd1-21e8a7943773,Qatar,2024-12-08,7108.0,Tshirts,V-neck,1.0,33.14,33.14
971aee19-9424-4472-9aba-a4e662fa1757,Qatar,2024-11-12,2008.0,Jeans,Regular Fit,1.0,42.14,42.14
41117646-e45d-46d2-a145-761cb270720f,Qatar,2024-10-26,6258.0,Perfumes,Floral,9.0,29.45,265.05
21f2617d-87c6-49de-a4b0-4866a4326764,Qatar,2024-11-30,3812.0,Smart Phone,Pixel,3.0,35.73,107.19
aceffaa8-9925-4305-a2c0-9b7d0da2a9ba,Qatar,2024-08-29,5154.0,Tshirts,V-neck,10.0,36.0,360.0
1d1dd3c8-1fb7-42cd-8111-fe6f7ae4d9cc,Qatar,2024-07-25,2355.0,Smart Phone,Realme,9.0,47.91,431.19
82bc228e-75c8-4616-a510-e64470c45bc5,Qatar,2024-10-28,5536.0,Jeans,Straight,1.0,29.45,29.45
d80fea64-cfa5-4eac-b8a1-f215af876b6f,Qatar,2024-10-31,7119.0,Jeans,Regular Fit,9.0,53.45,481.05
a5fbbedb-a4e8-4719-820e-9b78d624b7ef,Qatar,2024-06-04,6181.0,Water bottles,Smart,2.0,23.91,47.82
b1564ee2-7b7b-46ca-b726-d24c535e3dfe,Qatar,2025-01-25,5925.0,Jeans,Skinny,9.0,49.55,445.95
2023550b-ea25-44bc-92fc-6b3b342edbc9,Qatar,2025-01-28,5935.0,Shoes,Boots,7.0,42.05,294.35
51bb56fc-a407-495c-8d43-62533630d9fa,Qatar,2024-08-02,8384.0,Perfumes,Woody,5.0,29.09,145.45
6aeebd20-fde7-48c7-9a32-dd3fa4c661c2,Qatar,2024-07-25,7667.0,Tshirts,Tank Top,1.0,42.09,42.09
d3a817a6-e3d1-48f0-a0a8-4226892cde26,Qatar,2025-03-17,9799.0,Shoes,Sandals,5.0,29.95,149.75
66551495-043e-4beb-9313-4a3350bf95cd,Qatar,2024-12-22,5460.0,Shoes,Loafers,8.0,39.55,316.4
9447169d-ec38-4b2b-8625-91023a53047e,Qatar,2025-01-18,5267.0,Perfumes,Citrus,8.0,34.36,274.88
47458e95-594b-463a-b165-43209f4ab6ac,Qatar,2025-04-05,2749.0,,Woody,8.0,23.36,186.88
122d4ad9-ccb8-456f-864a-512dd9ce129c,Qatar,2024-11-26,9940.0,Smart Phone,OnePlus,8.0,45.0,360.0
6a689fad-9d6d-498c-a3ef-973ce0962a42,Qatar,2025-01-06,2460.0,Tshirts,Graphic Tee,3.0,26.73,80.19
099f163e-7fde-476e-b775-b0da532ff93e,Qatar,2025-04-11,3643.0,Perfumes,Spicy,8.0,50.95,407.6
d50913c0-4d48-470d-aff7-e6a96264a5ff,Qatar,2025-05-14,7819.0,Jeans,Straight,3.0,36.95,110.85
e97af873-00d4-4311-a9a4-8136fd38752d,Qatar,2024-07-22,5106.0,Tshirts,Tank Top,9.0,29.05,261.45
b58dd0fa-9f7b-4912-a3ae-d036cb051bf8,Qatar,2025-02-08,3779.0,Jeans,Skinny,7.0,26.0,182.0
91d259b3-3ffd-48e4-a9e2-6ef724e2d243,Qatar,2024-09-01,6579.0,Smart Phone,Galaxy,6.0,22.77,136.62
78e7a1da-425a-45d9-ad1a-4d54d54c9bed,Qatar,2025-02-04,1829.0,Smart Phone,Galaxy,9.0,52.73,474.57
ca99d2cc-cbcd-4eed-8cfc-3b776ac86a30,Qatar,2024-08-19,9609.0,Tshirts,V-neck,7.0,40.73,285.11
0d2d39cb-13b5-4b3c-bc3b-7a0bda6d7a6d,Qatar,2024-11-01,5255.0,Tshirts,Polo Shirt,7.0,26.18,183.26
15dd4675-bcf6-4279-8336-250aa1e56a67,Qatar,2025-02-25,3792.0,Smart Phone,Xiaomi,2.0,39.82,79.64
1b504d43-a213-4d8c-8a83-3f6b2a5b7273,Qatar,2024-11-19,6537.0,Perfumes,Spicy,2.0,31.59,63.18
83bc8530-620a-4e58-913f-7d20663c756c,Qatar,2024-05-30,6528.0,Shoes,Loafers,6.0,48.64,291.84
d47af39b-aa19-440a-80ca-b1436fa5ba64,Qatar,2024-06-16,6501.0,Shoes,Formal Shoes,2.0,35.27,70.54
37e499d1-3116-4301-9f31-53af45127010,Qatar,2025-01-30,7423.0,Tshirts,Cotton Tee,10.0,49.55,495.5
0328420c-cdb9-486d-bb16-f8515c127211,Qatar,2024-07-07,9485.0,Perfumes,Spicy,5.0,54.41,272.05
98e77da3-f0bc-42ad-bb03-9d53572de5e0,Qatar,2025-03-20,6386.0,Perfumes,Citrus,2.0,22.82,45.64
c24efe9e-b257-483f-ae5c-350be7a05f0e,Qatar,2025-04-20,5638.0,Water bottles,Foldable,8.0,41.32,330.56
e915c550-9538-49e8-9207-a14028f7e1e9,Qatar,2025-01-04,2849.0,Tshirts,V-neck,1.0,30.64,30.64
01c0418c-48c4-4201-9c33-59614a4a199e,Qatar,2025-03-01,1093.0,Water bottles,Steel,8.0,25.27,202.16
298bd564-d42f-4bc7-9ee6-9b68e7e032b0,Qatar,2025-03-28,5870.0,Tshirts,V-neck,4.0,33.23,132.92
8aded3bb-b0e7-443e-92f8-67828b33cc72,Qatar,2024-07-10,4057.0,Perfumes,Spicy,8.0,40.05,320.4
1fe76006-9990-4924-8c9e-4387f082c877,Qatar,2024-08-18,2667.0,Smart Phone,Realme,5.0,29.77,148.85
f4e333c8-4fea-439c-aa95-6959e9c399cf,Qatar,2024-08-28,2558.0,Water bottles,Steel,2.0,37.95,75.9
84732bee-0fc7-45ce-b0d0-ef78192f08f9,Qatar,2024-09-13,5107.0,Perfumes,Aqua,8.0,25.09,200.72
032aaba2-f90c-4ecf-b71b-a2f8ef204561,Qatar,,7439.0,Tshirts,Graphic Tee,6.0,48.55,291.3
a1361c27-14e8-478d-9568-d4657a03590c,Qatar,2024-08-16,1164.0,Tshirts,V-neck,3.0,24.95,74.85
3f34a4af-5029-48fa-a3b2-2e08feb7bbd2,Qatar,2025-05-13,4960.0,Shoes,Sports Shoes,3.0,44.73,134.19
ccc26a78-70e6-4fa6-ac85-7cf1897209e1,Qatar,2024-05-29,8767.0,Water bottles,Plastic,10.0,54.5,545.0
c5d376db-4f99-4d73-8796-583a628685f7,Qatar,2024-07-05,3196.0,Tshirts,Cotton Tee,3.0,54.09,162.27
a6795213-72e5-4422-8a2a-e8461335bd82,Qatar,2024-09-22,1335.0,Smart Phone,OnePlus,10.0,51.77,517.7
b2eee937-37fa-4b20-9522-a7c53db8dbf6,Qatar,2024-05-27,6646.0,Water bottles,Insulated,6.0,54.09,324.54
58aabc34-6ea8-410d-aecf-0d7746c95074,Qatar,2024-09-03,4397.0,Perfumes,Citrus,10.0,37.68,376.8
ff82c549-7c42-4b39-ad89-a9e497f1705c,Qatar,2025-04-06,4832.0,Smart Phone,Realme,5.0,37.09,185.45
b306604b-51ae-4696-8d08-4d9494b7d5df,Qatar,2024-07-24,4596.0,Jeans,Bootcut,7.0,29.73,208.11
ce10686f-1a78-4b9a-a856-227a8e3898b3,Qatar,2024-12-14,4124.0,Water bottles,Foldable,3.0,34.73,104.19
311381e9-a5ea-4820-a19e-a1dfe867eaeb,Qatar,2025-01-29,1650.0,Tshirts,Graphic Tee,2.0,35.95,71.9
e05bfdf3-a695-48e9-ae3e-ca904631c9fd,Qatar,2024-08-12,4784.0,Water bottles,Plastic,5.0,43.23,216.15
9a223fd3-9d3b-4365-8564-79fc143e24d6,Qatar,2024-10-03,2159.0,Water bottles,Glass,4.0,27.05,108.2
6d275712-b9b8-4ca9-94a5-0e55d2141053,Qatar,2025-02-02,2325.0,Perfumes,Floral,7.0,43.36,303.52
3fdbb81f-5199-402c-b0f0-7678a69adf76,Qatar,2024-09-12,8855.0,Smart Phone,Realme,10.0,49.41,494.1
8effbdef-b924-41d9-8191-bb805ffd2214,Qatar,2024-12-14,5874.0,Perfumes,Aqua,7.0,54.18,379.26
93ef3396-a89b-4c8a-8855-5e7890fbd067,Qatar,2025-01-05,7545.0,Tshirts,Tank Top,6.0,37.59,225.54
74c0e9b6-58b4-4d7f-8840-c21c32a450fb,Qatar,2024-10-07,4894.0,Tshirts,Graphic Tee,10.0,36.73,367.3
cfd67deb-02f0-4a17-af32-79818bfd50f8,Qatar,2024-09-17,7774.0,Shoes,Sports Shoes,10.0,36.59,365.9
5ab91fbd-b052-4f0f-a8d1-87a3354a922f,Qatar,2024-06-25,2630.0,Perfumes,Spicy,5.0,26.36,131.8
7f7556f9-6925-4338-98be-139e06a20460,Qatar,2024-09-10,2757.0,Perfumes,Aqua,1.0,46.68,46.68
dc4dcfcb-fa32-49ee-bafb-00f9ac2a8ede,Qatar,2025-03-23,8026.0,Shoes,Sports Shoes,3.0,41.36,124.08
5b00d981-c19d-4534-a6e3-19ec3ab88b16,Qatar,2025-02-23,9136.0,Tshirts,Full Sleeve,8.0,39.27,314.16
2471dee4-e7d6-4ad4-abec-9a01e205eabf,Qatar,2024-07-07,9230.0,Shoes,Sneakers,10.0,49.0,490.0
de4dd5df-7753-4304-8f51-bab4c96ebcad,Qatar,2024-05-29,8260.0,Smart Phone,iPhone,5.0,31.23,156.15
bfc6cf2b-da03-4e73-ae96-ec12bde198a1,Qatar,2024-09-15,8229.0,Jeans,Bootcut,8.0,29.45,235.6
94d2f8d0-f2af-4671-9132-4cb8bfcbdd99,Qatar,2024-10-25,6010.0,Tshirts,Cotton Tee,2.0,28.14,56.28
34b2398e-f437-4816-975c-fde49b382672,Qatar,2024-08-14,2722.0,Tshirts,Full Sleeve,6.0,46.82,280.92
88f8516e-ff0e-46f4-8422-553ce5cd69f3,Qatar,2024-11-25,7598.0,Tshirts,Tank Top,7.0,34.36,240.52
0dc856a6-3da0-4e55-b957-58a029771f73,Qatar,2025-03-27,4848.0,Perfumes,Spicy,6.0,48.5,291.0
18744fe8-8855-422a-ad82-f05ad064dc38,Qatar,2024-11-27,4988.0,Jeans,Slim Fit,6.0,34.0,204.0
8c11798c-4c3f-42f3-aae0-151cb479d898,Qatar,2024-10-05,1729.0,Smart Phone,Galaxy,4.0,46.0,184.0
272f5443-8034-4aec-9156-3f5b21056f8c,Qatar,2024-09-09,2241.0,Water bottles,Insulated,5.0,31.95,159.75
8b41d6a0-0613-4a83-80b9-46c8b4d81135,Qatar,2024-06-16,8300.0,Perfumes,Aqua,3.0,24.55,73.65
310a1455-a1e0-435e-8ae3-f071a43b46b4,Qatar,2024-07-24,5589.0,Smart Phone,OnePlus,6.0,29.91,179.46
aa0f0335-4fb7-4ca6-a4ec-1371300da02b,Qatar,2024-11-22,6026.0,Smart Phone,Realme,1.0,28.95,28.95
0b1b74cc-1abe-46a6-a134-a0f44e31031d,Qatar,2024-10-20,2810.0,Shoes,Boots,3.0,48.14,144.42
56130c51-3c02-4c08-9f38-afb03303dccc,Qatar,2024-10-03,3404.0,Perfumes,Citrus,2.0,48.23,96.46
add3f1b4-20be-43b6-ae53-61acaf4413c8,Qatar,2024-08-12,2394.0,Jeans,Slim Fit,8.0,35.82,286.56
c7f66ab7-cb7f-47c9-a0b5-b8dd7d370e28,Qatar,2024-06-12,9139.0,Shoes,Sports Shoes,5.0,47.82,239.1
d95790c9-e7fe-4bd4-8dc0-fa92b71ed6ef,Qatar,2025-03-29,8478.0,Smart Phone,Galaxy,3.0,36.41,109.23
29260dc7-ccc5-4620-a2c7-ca50a4aa440f,Qatar,2024-05-30,1636.0,Smart Phone,Galaxy,9.0,45.14,406.26
9640f569-1ded-40fb-9c7a-9f0046608cf5,Qatar,2024-08-20,9213.0,Water bottles,Insulated,2.0,31.09,62.18
cef90eae-8282-446c-adec-ae6a68ee7fdb,Qatar,2025-03-31,9823.0,Tshirts,Graphic Tee,8.0,31.23,249.84
07d6c841-af82-4413-a619-9d558e3698e8,Qatar,2024-11-23,6698.0,Tshirts,V-neck,3.0,38.73,116.19
51a9dff5-ce0b-4985-bc05-91f1e059f743,Qatar,2024-11-28,9836.0,Jeans,Skinny,7.0,43.45,304.15
a9638663-3d09-4c1f-9346-29f5a33722ff,Qatar,2024-10-12,5569.0,Perfumes,Spicy,10.0,52.91,529.1
30f35dc3-99d7-4738-8e40-2804d3c5eaa4,Qatar,2025-03-07,6144.0,Perfumes,Spicy,8.0,44.18,353.44
74c217b6-e57a-42cf-aba4-5a3ad8f1d3b3,Qatar,2024-05-17,3298.0,Shoes,Boots,5.0,46.59,232.95
77dff112-bd27-4765-8df6-82eafa249ca1,Qatar,,6818.0,Shoes,Sneakers,5.0,33.68,168.4
a81f79c0-8f15-44cf-b569-3284327cff9d,Qatar,2024-08-30,6674.0,Water bottles,Foldable,7.0,32.64,228.48
59266a34-a61d-4ed9-aeb4-7cf35bea2285,Qatar,2025-02-17,7769.0,Tshirts,Full Sleeve,10.0,38.0,380.0
f7ba444f-b2d3-4152-b7cd-ce3a74be8c30,Qatar,2024-11-25,8463.0,Water bottles,Insulated,2.0,38.18,76.36
aa847ec2-addb-40d8-a3cc-6f7fc79591e5,Qatar,2024-05-17,6084.0,Perfumes,Floral,7.0,34.41,240.87
116bc91f-f84b-4619-8283-32937e96e4fe,Qatar,2024-07-01,8267.0,Perfumes,Spicy,2.0,23.95,47.9
89940521-7de5-40e2-ab2d-baaa5df7b5eb,Qatar,2025-02-07,8921.0,Shoes,Sports Shoes,5.0,36.05,180.25
41d21a32-6b1e-496c-8595-c6c314f2125d,Qatar,2024-08-28,8100.0,Jeans,Skinny,6.0,53.86,323.16
4cf55e0c-4ad7-471b-8503-e9042046f92d,Qatar,2025-03-29,9152.0,Tshirts,V-neck,9.0,41.77,375.93
901d8dc2-423e-4c4c-b219-aa6d0f2de639,Qatar,2024-12-13,8638.0,Jeans,Relaxed,4.0,28.86,115.44
3e000000-3b1e-4290-8387-11adc7518f37,Qatar,2024-07-13,1770.0,Tshirts,Graphic Tee,7.0,24.0,168.0
4b33b3f3-a8dc-4db2-8907-2a0ab16464e8,Qatar,2024-08-09,7932.0,Shoes,Sports Shoes,6.0,24.09,144.54
fdebb076-90f8-4020-87b5-64d7c5ce3692,Qatar,2025-01-07,5200.0,Tshirts,Graphic Tee,3.0,24.32,72.96
ade7afde-cf95-4d45-8fb0-68cf99c8bc55,Qatar,2024-06-06,1365.0,Smart Phone,Realme,4.0,36.64,146.56
1f07bf99-8703-42fe-9ae6-12b14852914b,Qatar,2024-06-23,3043.0,Jeans,Skinny,3.0,54.14,162.42
983cc6ad-5e01-407c-b6b6-1e942a82536a,Qatar,2024-06-14,5436.0,Water bottles,Smart,2.0,45.59,91.18
27910c8e-d7c6-46f3-ba95-13e932a3b4be,Qatar,2024-09-28,1442.0,Water bottles,Smart,5.0,30.23,151.15
6111fe2d-071b-4d2a-a333-c422a3dc2212,Qatar,2024-05-18,3106.0,Shoes,Sandals,2.0,31.45,62.9
acc60992-fa4f-4ffc-934c-96452d317a3e,Qatar,2024-09-11,5003.0,Tshirts,Polo Shirt,2.0,51.82,103.64
d0f92d7b-5d93-4bf0-810e-07c1bf8e2640,Qatar,2024-07-30,6176.0,Water bottles,Steel,9.0,45.59,410.31
1faa6188-1eb3-44dc-aca6-cbcac6637058,Qatar,2025-04-02,7768.0,Perfumes,Citrus,1.0,47.82,47.82
88b03070-15d4-442a-b3a7-9fe1cac778cf,Qatar,2024-08-28,6154.0,Smart Phone,Galaxy,5.0,37.55,187.75
c6237cc4-c360-4570-b047-531735abe593,Qatar,2025-04-19,3084.0,Perfumes,Woody,7.0,46.59,326.13
5e6601de-9ff7-486b-a422-c6ccb84736f2,Qatar,2024-06-06,3997.0,Shoes,Sandals,5.0,37.86,189.3
31e1ed5e-2231-4896-b106-65c1cc8ffff1,Qatar,2024-09-25,3808.0,Tshirts,Polo Shirt,9.0,51.95,467.55
56083dd8-07bf-4bb8-8493-3b3d820b337c,Qatar,2024-05-24,6179.0,Jeans,Bootcut,2.0,29.18,58.36
b7507558-7f40-4316-9f73-a6480baa8cff,Qatar,2025-01-27,9330.0,Water bottles,Foldable,7.0,47.86,335.02
e1eccef3-afa5-4f5f-95fe-26f416892173,Qatar,2025-04-25,8390.0,Tshirts,V-neck,5.0,51.27,256.35
425e03bc-5c57-4283-b639-be00ceec6f6d,Qatar,2025-03-16,3962.0,Water bottles,Foldable,5.0,47.18,235.9
792e3062-b383-4ee1-b428-941d47cec420,Qatar,2024-11-21,9006.0,Perfumes,Floral,5.0,47.5,237.5
c752a7b9-4907-4b41-80cb-f2c37b801e1b,Qatar,2025-05-02,6015.0,Tshirts,V-neck,1.0,29.86,29.86
0d88de48-ce86-455d-8845-94366d58ea8a,Qatar,2024-06-01,1142.0,Water bottles,Plastic,3.0,54.09,162.27
dfb0aec0-8835-4b99-917c-1c8562f3c49a,Qatar,2024-11-28,5876.0,Perfumes,Spicy,2.0,44.14,88.28
f5d50ba8-203b-4f17-af34-33138bdcb8d9,Qatar,2025-02-26,6980.0,Jeans,Regular Fit,1.0,30.14,30.14
766f6149-7f30-48ac-b538-7491cd654a85,Qatar,2024-12-30,5755.0,Smart Phone,Pixel,7.0,47.05,329.35
054c71d8-613d-42c9-8df1-3dcfa739bb7d,Qatar,2024-12-26,2649.0,Jeans,Skinny,9.0,45.09,405.81
e2cdd04c-05aa-4be7-9f0c-6e1323c44489,Qatar,2025-04-07,5164.0,Smart Phone,Xiaomi,6.0,53.59,321.54
dc15d598-283b-4354-b7c0-fc27063c47eb,Qatar,2024-09-30,5149.0,Jeans,Straight,7.0,44.23,309.61
bb2bec75-5aae-4bd7-ba4e-acb9cf50c4ca,Qatar,2024-07-29,1713.0,Water bottles,Plastic,1.0,29.68,29.68
0f796d34-6f23-400e-8173-550317b3502e,Qatar,2024-12-22,7506.0,Smart Phone,Pixel,4.0,48.82,195.28
ab1e26b7-5c4e-4ef2-a2d5-df3df3c352f7,Qatar,2025-05-13,2706.0,Smart Phone,Galaxy,7.0,23.05,161.35
3387dc6b-4bf1-4c14-ba17-b2c5b4e7c5bc,Qatar,2024-07-01,4786.0,Perfumes,Floral,5.0,33.05,165.25
b14a92de-fa80-47d1-ae2e-8774bfe08061,Qatar,2025-03-11,5039.0,Shoes,Formal Shoes,8.0,39.86,318.88
822e12d0-98f4-4329-a276-8c96ac8a6219,Qatar,2025-05-11,8002.0,Smart Phone,iPhone,3.0,31.68,95.04
7fd71207-d9e5-46e6-894e-c4e5173f0555,Qatar,2024-12-29,5301.0,Smart Phone,Pixel,1.0,52.68,52.68
4e694c1e-cc66-45fe-ad2c-3977560c2ce3,Qatar,2025-01-03,3839.0,Shoes,Loafers,9.0,38.5,346.5
b9c40e32-316b-40da-b9a2-8ca272d91c83,Qatar,2024-06-25,8199.0,Perfumes,Citrus,1.0,32.86,32.86
3a8455e5-8772-466c-9b41-a4c0bab68460,Qatar,2024-07-04,4494.0,Smart Phone,iPhone,3.0,52.32,156.96
64e63f27-356b-4d5f-b709-a3a599860656,Qatar,2025-04-13,3119.0,Shoes,Sandals,5.0,23.77,118.85
762ffc7e-1a34-4605-a330-c4ba79cdd554,Qatar,2024-10-19,5534.0,Shoes,Sneakers,6.0,29.82,178.92
ba787bec-4735-4159-8a59-f187fa7e95c9,Qatar,2025-05-07,2626.0,Shoes,Sandals,10.0,46.95,469.5
60b5bd4d-8d6c-45a7-a9d2-a73714ad450d,Qatar,2024-08-11,6737.0,Water bottles,Smart,10.0,33.09,330.9
b514db32-22c7-4ae8-b00e-a29d01ad3eb3,Qatar,2025-04-16,9616.0,Smart Phone,Realme,5.0,24.5,122.5
22845732-f287-470e-b7d9-cd26fa308311,Qatar,2024-11-01,8889.0,Smart Phone,Pixel,9.0,48.68,438.12
34cea2e9-2ebc-4739-85dd-4421cb6a3765,Qatar,2025-01-11,4443.0,Tshirts,V-neck,7.0,49.86,349.02
378ed10b-43d6-429d-b2ff-8d07517f1865,Qatar,2025-05-02,8225.0,Shoes,Sandals,8.0,52.73,421.84
41e8e0b6-1155-46d0-aa46-397bc1afe799,Qatar,2024-07-28,8424.0,,OnePlus,10.0,40.41,404.1
cf559a94-aa4e-49ce-87c3-215038d3c4c4,Qatar,2024-12-20,6920.0,Perfumes,Fresh,7.0,35.0,245.0
35a7da65-9f69-4e9c-b9ef-6c270d3ece41,Qatar,2025-04-05,4816.0,Jeans,Regular Fit,3.0,31.41,94.23
d460c55e-d999-42eb-b304-cf71779212ee,Qatar,2025-04-30,3132.0,Tshirts,Full Sleeve,5.0,30.27,151.35
315960cb-fd28-40ce-b9f1-0a219cbfbe47,Qatar,2025-04-24,6101.0,Shoes,Boots,8.0,47.59,380.72
e4cb0f8d-0d3a-4465-9702-bc808466d7f3,Qatar,2025-03-07,8436.0,Smart Phone,Galaxy,7.0,23.18,162.26
5f84ae3f-ff68-407f-a996-40f8ab7abdeb,Qatar,2025-01-04,7749.0,Jeans,Relaxed,5.0,51.32,256.6
0010f446-04be-4c84-b757-b0da8b4ad625,Qatar,2025-01-04,8734.0,Perfumes,Spicy,5.0,54.23,271.15
8f8ef417-070b-4f77-ac3e-080f26971d75,Qatar,2025-01-23,2399.0,Smart Phone,OnePlus,8.0,24.18,193.44
c0d0093d-f19a-4ca9-a818-62b3df14caf2,Qatar,2024-06-30,9559.0,Water bottles,Foldable,6.0,50.36,302.16
f9b9062a-c0a9-413a-9863-99bd9597846a,Qatar,2024-08-30,3948.0,Tshirts,Polo Shirt,4.0,24.91,99.64
a4a779db-fef7-4254-98a1-26a23eccb075,Qatar,2025-02-09,1619.0,Jeans,Straight,1.0,46.5,46.5
134c8357-35af-4a4e-bc0d-409f21a3c034,Qatar,2025-03-25,9455.0,Jeans,Relaxed,8.0,46.18,369.44
59ccb1cb-f232-4d50-b6ed-51d8b8b98baf,Qatar,2024-06-27,9614.0,Smart Phone,iPhone,4.0,48.05,192.2
6f174420-cb5b-4d4b-8e83-0bfd89d67ab5,Qatar,2025-04-14,1049.0,Smart Phone,Xiaomi,1.0,51.77,51.77
f05f9dfc-4873-4df7-9ae1-da0ce2d033eb,Qatar,2024-06-09,5582.0,Perfumes,Aqua,9.0,24.5,220.5
eec90956-3895-413c-b262-975a1f2bed6c,Qatar,2024-05-23,8269.0,Tshirts,V-neck,4.0,32.86,131.44
6c56a1fd-8bd7-4b16-a011-eba583637de0,Qatar,2024-11-21,9867.0,Jeans,Bootcut,8.0,,332.0
01403584-fdab-452c-b311-f92b568cb2fb,Qatar,2024-12-28,5772.0,Smart Phone,iPhone,8.0,46.5,372.0
720008f3-20c0-4aed-a4b2-5499ad5a0110,Qatar,2024-07-22,9219.0,Shoes,Sandals,10.0,39.73,397.3
1ab8e8da-56d0-4a58-b497-635f6de33b9f,Qatar,2024-12-09,4702.0,Perfumes,Woody,10.0,44.23,442.3
c3f36a36-4538-4b24-8dae-661ca6bba95a,Qatar,2025-01-26,5247.0,Shoes,Boots,6.0,45.73,274.38
1b25ccdf-256f-429b-a6bf-ed6fe81b3197,Qatar,2024-11-19,5694.0,Perfumes,,6.0,39.95,239.7
e0fa5874-c8bb-49c8-acfd-9d491b4b650d,Qatar,2025-05-06,8358.0,Shoes,Formal Shoes,7.0,33.86,237.02
710dfe8d-0894-428e-b7f9-953e41a4107b,Qatar,2024-12-15,3477.0,Water bottles,Smart,8.0,26.55,212.4
f31a21ef-4a29-4380-adc5-4709fa744ca5,Qatar,2024-06-18,8333.0,Perfumes,Woody,2.0,36.05,72.1
943d84e4-a732-4a9c-bc74-54b69ff3d397,Qatar,2024-11-04,1858.0,Perfumes,Woody,6.0,30.18,181.08
475b7b45-28fc-409a-b78e-505d128e004c,Qatar,2024-12-23,4485.0,Water bottles,Glass,1.0,29.36,29.36
6e608224-1c09-4736-97f0-4aeae0f9fdf8,Qatar,2025-02-25,6838.0,Water bottles,Foldable,9.0,52.73,474.57
8583734d-98fe-4dc1-ab84-c64aad007b74,Qatar,2024-07-10,5044.0,Tshirts,Graphic Tee,6.0,52.95,317.7
8becc960-7044-44a5-afbe-5e77fc8f9911,Qatar,2024-05-19,8904.0,Tshirts,Tank Top,3.0,52.0,156.0
6394146d-336e-4437-96d4-890ca0d60d4f,Qatar,2024-09-24,1822.0,Shoes,Sandals,5.0,36.45,182.25
c705ed41-c601-4ed5-b883-f532d56c0287,Qatar,2025-05-14,8694.0,Tshirts,Polo Shirt,3.0,24.59,73.77
57a0491d-f6c2-45d2-b555-f415f3ec9d12,Qatar,2025-03-11,7379.0,Smart Phone,Xiaomi,8.0,34.91,279.28
2f415f9d-fd7f-40a6-bbd8-2bd7e41a455f,Qatar,2024-06-11,7019.0,Perfumes,Fresh,3.0,48.18,144.54
4e10322f-b4a4-4777-a451-09123befd844,Qatar,2024-07-23,6577.0,Tshirts,Polo Shirt,4.0,39.59,158.36
050c6ec8-6172-444c-a36b-8f16c68d4554,Qatar,,4367.0,Tshirts,Polo Shirt,5.0,35.95,179.75
e8f872c5-e6e1-496c-b3c2-5f2207e43911,Qatar,2024-08-26,2198.0,Perfumes,Floral,4.0,43.0,172.0
3ef2a267-f9bc-406e-a903-ddd7d2372033,Qatar,2025-03-29,8228.0,Tshirts,Tank Top,2.0,34.36,68.72
bc828cc6-0711-4741-b71c-82b7d0fd6ecc,Qatar,2024-11-23,1720.0,Water bottles,Steel,1.0,48.36,48.36
f04accdc-45b9-4b52-bfac-17b4065f73c1,Qatar,2024-10-07,8510.0,Water bottles,Plastic,8.0,39.18,313.44
144f5955-dfff-4aa0-afbb-bf516fc924d0,Qatar,2025-05-01,5932.0,Perfumes,Spicy,1.0,25.55,25.55
53357525-bd32-4999-8197-106fd51b62b3,Qatar,2024-08-21,7138.0,Smart Phone,Xiaomi,2.0,34.45,68.9
6dd85a73-6fe7-499b-8068-684dd555c60a,Qatar,2024-06-30,5759.0,Water bottles,Plastic,6.0,29.86,179.16
7fdd6ba1-b974-4360-8a09-ebc5c2a3de57,Qatar,2024-09-10,6923.0,Tshirts,Cotton Tee,10.0,48.45,484.5
1042d611-a0b5-4c15-bbde-ae38e1e391d1,Qatar,2024-08-19,3836.0,Tshirts,Polo Shirt,4.0,36.77,147.08
421bf29e-b574-4cf4-b50d-ac996b136830,Qatar,2025-02-04,3818.0,Perfumes,Fresh,8.0,39.77,318.16
22e80727-2939-4928-a20b-d29915084a54,Qatar,2024-08-01,4584.0,Jeans,Straight,7.0,51.73,362.11
d5a1a859-95d1-462d-9e98-cab293849550,Qatar,2025-03-21,1234.0,Smart Phone,Pixel,7.0,48.14,336.98
1f77ec32-d27b-40e4-b2dc-77f17605cc50,Qatar,2024-08-04,3271.0,Smart Phone,iPhone,3.0,36.23,108.69
4a1a98b5-01b8-46e1-b22f-af39a96cd8e2,Qatar,2025-02-16,5474.0,Tshirts,Polo Shirt,3.0,23.91,71.73
ec496f67-4231-4a90-82ee-cd2ff2b50fa9,Qatar,2025-03-13,6752.0,Water bottles,Smart,9.0,32.18,289.62
cb899eae-ec75-4ed7-b410-aace6b7f3076,Qatar,2024-11-17,2164.0,Jeans,Slim Fit,5.0,27.0,135.0
aab060a0-d3df-42d2-947e-021d5d066099,Qatar,2024-08-25,5861.0,Shoes,Sports Shoes,3.0,24.32,72.96
96cf072d-8c4d-4a49-aaed-b75b50ce7c73,Qatar,2025-04-04,1767.0,Perfumes,Aqua,9.0,48.59,437.31
0227db19-202f-45b6-9a50-5abf8fe853a8,Qatar,2024-11-24,9111.0,Water bottles,Steel,7.0,49.64,347.48
8eed8385-97e1-4094-a265-6756877af1f3,Qatar,2024-11-24,8989.0,Shoes,Boots,4.0,30.05,120.2
5c4fcfbd-77d0-4303-a4c2-65e9fefe521b,Qatar,2024-09-07,5519.0,Perfumes,Aqua,10.0,54.18,541.8
6e5e3069-0144-4310-aaa7-097624494832,Qatar,2024-06-12,5515.0,Tshirts,Tank Top,2.0,29.86,59.72
cce76e40-6141-4bd3-8fcb-cc6908e22b14,Qatar,2024-11-16,2457.0,Jeans,Bootcut,9.0,40.95,368.55
fff48179-309e-4f64-b240-90918b42a745,Qatar,2024-12-20,2777.0,Water bottles,Plastic,8.0,27.09,216.72
de6d4f39-cd0c-4586-9cae-8ac7ebf9c85b,Qatar,2024-11-27,9712.0,Jeans,Skinny,7.0,51.86,363.02
7f86eee9-85e7-4ddc-97d7-e6de52c93f13,Qatar,2024-09-15,7433.0,Shoes,Formal Shoes,8.0,25.91,207.28
46c7669f-1327-42c6-97f6-5a8c1ab627e3,Qatar,2024-07-27,6676.0,Water bottles,Plastic,10.0,48.23,482.3
85f5d6b3-f425-47f7-b51f-767a746f4373,Qatar,2024-08-03,9949.0,Tshirts,Tank Top,5.0,45.0,225.0
74ce8ac1-806d-443f-a671-56dc3320c680,Qatar,2025-02-14,4957.0,Tshirts,Cotton Tee,4.0,33.82,135.28
65bd19cb-f808-4a09-995e-7421540381a1,Qatar,2024-10-25,5101.0,Tshirts,Polo Shirt,5.0,35.36,176.8
88aca9f6-a740-44f6-b6c7-1549117b917a,Qatar,2025-05-07,6357.0,Smart Phone,Galaxy,2.0,45.64,91.28
e769c88d-6317-40bd-aeb9-6a9ef1ce1427,Qatar,2024-05-31,5321.0,Perfumes,Citrus,6.0,40.91,245.46
9a4e4d76-ef2c-4b0d-acb0-80bddc5797c9,Qatar,2024-09-10,4210.0,Water bottles,Insulated,6.0,43.82,262.92
af1ae1b1-e2a4-4e18-8d3c-b60f64b18f8b,Qatar,2025-05-12,5652.0,Jeans,Bootcut,8.0,53.09,424.72
dc295850-8674-4542-ae7e-4484232bdf0d,Qatar,2024-10-01,8950.0,Tshirts,Graphic Tee,2.0,32.41,64.82
30f50f37-7523-46ff-9700-b820f7526f08,Qatar,2024-10-29,1796.0,Jeans,Relaxed,9.0,45.86,412.74
010133ed-e0b2-4223-900a-05f717281d79,Qatar,2024-07-03,1952.0,Tshirts,Full Sleeve,1.0,53.95,53.95
9ec232e5-ff2e-4fcd-8960-57b1adff336d,Qatar,2024-09-12,3107.0,Water bottles,Insulated,4.0,24.14,96.56
cd3906d0-dc46-4f1d-869d-d06e1fcb92b0,Qatar,2024-10-02,5489.0,Perfumes,Spicy,4.0,40.36,161.44
cbe80fbe-bb23-4359-9a12-6037e627484b,Qatar,2024-10-09,5434.0,Smart Phone,Pixel,1.0,23.77,23.77
2687743e-2ed0-469f-b049-ec0b6ac54227,Qatar,2024-05-27,2537.0,Perfumes,Woody,10.0,41.45,414.5
6874eff1-6cce-4d29-962a-37f9640400be,Qatar,2024-08-06,9822.0,Smart Phone,Pixel,4.0,50.86,203.44
03b5d896-46c9-4428-b454-2ecc17624c6b,Qatar,2024-08-13,9635.0,Jeans,Regular Fit,8.0,32.86,262.88
ac2d0f39-10c7-4b7c-88a8-4b3ad6933c8c,Qatar,2024-08-28,5587.0,Smart Phone,Galaxy,6.0,54.41,326.46
f46b566c-c28d-4086-83b5-22b55e7b8a46,Qatar,2025-02-27,9445.0,Tshirts,Cotton Tee,8.0,49.68,397.44
a3c02b7e-9591-44de-9adf-3a150dda058a,Qatar,2025-05-14,1400.0,Tshirts,V-neck,1.0,53.23,53.23
0100364b-4513-4034-83d6-ec3523c449e1,Qatar,2024-09-08,4313.0,Jeans,Regular Fit,4.0,31.18,124.72
9ea6ffda-e844-4a31-8628-0b151606a6df,Qatar,2024-05-18,6622.0,Tshirts,Graphic Tee,9.0,38.41,345.69
109b6cbe-65d8-443f-b0da-a13e41db7842,Qatar,2024-10-30,8670.0,Shoes,Boots,9.0,47.91,431.19
e8bd3a83-2e02-4c5c-98ea-3bcdf0072b9b,Qatar,2024-10-12,2732.0,Perfumes,Fresh,4.0,30.68,122.72
3f3f87bb-aeef-449f-a42d-3cd456ef1586,Qatar,2024-12-25,6664.0,Perfumes,Fresh,10.0,22.95,229.5
19251284-a444-4030-af09-6b320f120c0c,Qatar,2024-08-02,5088.0,Jeans,Straight,9.0,37.82,340.38
28584f50-6fc9-470f-8cf0-22d591c3ce8c,Qatar,2024-11-13,6415.0,Jeans,Relaxed,9.0,40.09,360.81
49bbc6bb-e442-4d8d-ae51-cb1981164cd8,Qatar,2025-03-25,8314.0,Water bottles,Glass,6.0,39.27,235.62
b4716f2a-3718-4d41-b05e-9f5b7920a373,Qatar,2025-04-22,6941.0,Tshirts,Polo Shirt,2.0,51.59,103.18
eb8abe03-aaff-43d0-b642-faa550a7a813,Qatar,2024-06-16,3961.0,Smart Phone,Galaxy,5.0,32.68,163.4
16ee34e9-bd49-4412-8a2e-69331593191b,Qatar,2024-10-24,6328.0,Jeans,Regular Fit,8.0,42.64,341.12
00fca8da-0bbd-4c33-96be-62f29919263a,Qatar,2025-02-16,5119.0,Jeans,Straight,4.0,45.45,181.8
e065bbe1-404d-42ae-a4d4-edd23088f44b,Qatar,2024-08-05,7855.0,Perfumes,Fresh,3.0,31.68,95.04
25b900fe-40bc-49dc-97c8-9a739696dcc3,Qatar,2024-07-13,1122.0,Perfumes,Aqua,5.0,24.23,121.15
a1169da6-76a0-41bb-8e6e-8d63a1aca513,Qatar,2024-07-11,8232.0,Smart Phone,OnePlus,6.0,43.14,258.84
3d2d9067-800e-4da4-b7c1-f21465e196a8,Qatar,2024-09-14,3575.0,Smart Phone,Pixel,9.0,35.45,319.05
d8e0b0b4-0c05-4506-8234-6b4476398ba6,Qatar,2025-01-12,4576.0,Smart Phone,Realme,2.0,35.09,70.18
5f441ba8-c027-4798-8a58-1d55303808c8,Qatar,2024-08-06,7930.0,Smart Phone,Galaxy,1.0,28.77,28.77
23f88146-f9b8-4035-a256-c145363263fa,Qatar,2024-09-23,6418.0,Tshirts,Graphic Tee,6.0,38.18,229.08
8d30fe8b-5ea3-482c-a709-672f489faa3a,Qatar,2024-10-21,3714.0,Perfumes,Citrus,7.0,45.09,315.63
f6c3eb8d-4f1e-4627-a877-47a18d805e12,,2024-11-09,7900.0,Shoes,Boots,5.0,46.59,232.95
2f0e346b-3860-4b38-b772-f988a341c5f8,Qatar,2025-02-14,8627.0,Tshirts,Full Sleeve,5.0,35.23,176.15
5046ebbc-343a-4200-bebd-95eb50071ef6,Qatar,2025-03-03,7003.0,Shoes,Sandals,9.0,31.0,279.0
d7d75845-baa5-4cc0-89a0-adc91bb4a6ed,Qatar,2024-11-24,6913.0,Shoes,Formal Shoes,7.0,32.68,228.76
53c3f674-688c-4f66-9475-5d1ce9c22cd6,Qatar,2025-03-16,7747.0,Tshirts,Graphic Tee,7.0,47.77,334.39
edb9610a-c91f-45af-8ab1-c494033a3740,Qatar,2025-01-17,5457.0,Shoes,Sandals,4.0,24.14,96.56
23c18741-a32e-44f3-819c-07f3840de63d,Qatar,2024-06-17,3095.0,Tshirts,Cotton Tee,10.0,46.73,467.3
43fc1535-bb7b-474f-97b3-66a753792c28,Qatar,2024-09-22,8940.0,Water bottles,Smart,6.0,23.73,142.38
45e45d13-0b89-45c6-a9c8-4ef86580f2b8,Qatar,2024-06-10,3543.0,Water bottles,Smart,7.0,35.27,246.89
248ad70b-8f3f-4283-9720-5b7b2dcedef0,Qatar,2024-06-30,3503.0,Shoes,Loafers,9.0,41.23,371.07
5e892d9a-a351-4fb0-9b7b-a7332a8bcb41,Qatar,2024-05-26,5264.0,Smart Phone,Xiaomi,4.0,34.59,138.36
6eb97e26-ce25-4321-b5fb-4469068c3a14,Qatar,2025-01-31,6380.0,Tshirts,V-neck,4.0,23.95,95.8
ebd0578a-0def-475b-9a7c-2e7632b9138e,Qatar,2024-12-11,8665.0,Water bottles,Glass,6.0,52.14,312.84
a8c35a5f-3661-40f8-af0f-9a4489daf06b,Qatar,2025-01-23,9172.0,Shoes,Sports Shoes,7.0,39.18,274.26
9faaf465-afe1-49e3-b539-6a006722c765,Qatar,2024-05-23,7424.0,Tshirts,Cotton Tee,1.0,33.45,33.45
b015d2cb-4f00-49a8-9b89-75be6095cd5e,Qatar,2024-12-18,7998.0,Tshirts,Tank Top,3.0,41.95,125.85
caf21dec-7a0a-47c1-9224-26282a48687c,Qatar,2024-07-24,3397.0,Jeans,Regular Fit,7.0,47.05,329.35
c72f0838-e9c1-463c-8ea4-44bd35f16d41,Qatar,2024-07-08,7764.0,Smart Phone,OnePlus,2.0,28.55,57.1
b7b58b6b-d1ed-4caa-8a50-eb5debfbddbf,Qatar,2025-01-04,7516.0,Water bottles,Insulated,7.0,32.36,226.52
19a2205c-5a7a-4a76-8bc4-e0691af88e46,Qatar,2025-05-13,1789.0,Jeans,Straight,1.0,39.82,39.82
8361339c-debe-45aa-a0e0-aee7faf64908,Qatar,2024-10-14,,Shoes,Formal Shoes,8.0,52.09,416.72
c1fbfe60-62d8-4378-8c84-8b87d05247cc,Qatar,2025-02-24,8714.0,Shoes,Sneakers,10.0,50.86,508.6
f78b4911-9db7-4550-bad7-0112f151492a,Qatar,2024-07-18,9521.0,Water bottles,Glass,9.0,24.23,218.07
b5101082-9f20-4319-ad5f-de56f502f55c,Qatar,2024-09-16,2420.0,Jeans,Skinny,1.0,34.77,34.77
45e8177b-4cb8-4b29-aace-fec53ac3a702,Qatar,2024-06-01,8682.0,Perfumes,Fresh,9.0,34.41,309.69
cdf3c682-1170-4ddc-95ea-fedc6bbb62c5,Qatar,2024-07-05,5058.0,Water bottles,Insulated,,44.27,44.27
8d109648-9c23-4dc1-b840-533da1b3036c,Qatar,2025-03-23,1038.0,Jeans,Skinny,6.0,49.27,295.62
e06ca4a0-ac67-4016-86a1-1860174fa387,Qatar,2024-07-14,2257.0,Perfumes,Woody,5.0,28.5,142.5
804cf400-1886-4cd0-b70e-41ad62b3c80c,Qatar,2025-03-06,7013.0,Perfumes,Woody,5.0,34.59,172.95
a08f1019-0182-4a71-87f4-d1b32e2d6b83,Qatar,2024-07-12,4939.0,Smart Phone,Pixel,6.0,49.5,297.0
26e31522-5d22-4fba-9972-aec99476f617,Qatar,2024-08-05,4970.0,Tshirts,Full Sleeve,6.0,44.86,269.16
a31ce669-651d-46da-9372-c755d04de68d,Qatar,2025-03-05,2303.0,Jeans,Skinny,3.0,38.68,116.04
2effd199-0ba5-4d60-bc2b-32332aff8703,Qatar,2024-08-16,8479.0,Tshirts,Cotton Tee,2.0,42.0,84.0
661b3a70-51f8-4286-a2b6-f04e7c67bbc3,Qatar,2025-04-30,2297.0,Smart Phone,iPhone,5.0,35.32,176.6
de6af3d3-604f-44ae-b681-80b9f382fd30,Qatar,2024-09-24,4906.0,Water bottles,Glass,10.0,37.55,375.5
c8be93a6-37fd-4fa4-bdbe-7b2741d675fa,Qatar,2025-04-14,8880.0,Shoes,Formal Shoes,7.0,28.18,197.26
129e776e-e9c3-453d-9f6a-731f1d1d931c,Qatar,2024-09-12,2888.0,Perfumes,Floral,7.0,30.27,211.89
a058dffc-f9f3-4c61-b717-17981d12b2e7,Qatar,2024-06-05,8408.0,Water bottles,Foldable,8.0,50.91,407.28
24006e8c-7b8d-410c-a224-d21c02c372f7,Qatar,2024-12-07,9934.0,Water bottles,Smart,1.0,24.86,24.86
4874cca6-33bd-4f2c-ba22-95ebeedf1e0e,Qatar,2025-01-12,2855.0,Tshirts,Graphic Tee,2.0,48.59,97.18
033afd4a-ae67-4484-aa83-46f461647c5c,Qatar,2024-05-23,6739.0,Water bottles,Foldable,6.0,35.91,215.46
6266c153-736c-4975-b61e-3c082fd8d346,Qatar,2024-07-15,2830.0,Tshirts,Full Sleeve,1.0,33.86,33.86
9062459f-77a2-41ae-afc8-7d0019463fc9,Qatar,2024-09-25,2367.0,Perfumes,Woody,5.0,48.73,243.65
1c5e7bd5-816a-49ff-b228-bd1e66a0d0af,Qatar,2024-06-26,7740.0,Shoes,Loafers,4.0,51.82,207.28
990999f8-f3fd-4005-a2bd-31e5bca28574,Qatar,2024-05-16,4093.0,Shoes,Loafers,4.0,47.91,191.64
41afda69-dfea-4fa7-a5a0-480381d7ecfd,Qatar,2025-03-02,4831.0,Smart Phone,iPhone,9.0,54.09,486.81
2bce4a13-2bae-4b69-8407-9115c79b5043,Qatar,2024-05-29,1993.0,Water bottles,Glass,8.0,41.59,332.72
728619db-0708-4f97-97bc-5663aa2c9f6e,Qatar,2024-09-16,9018.0,Perfumes,Aqua,4.0,53.41,213.64
c81b77a4-3b91-4c6b-8ff1-e4a272532182,Qatar,2024-11-22,4722.0,Jeans,Skinny,7.0,37.86,265.02
7312d48b-a681-4fd9-8610-f8a3ff0638b2,Qatar,2024-10-13,5818.0,Smart Phone,Realme,2.0,44.68,89.36
ef0b271f-56f9-4d20-8a53-8f38d4addbba,Qatar,2024-11-28,2379.0,Shoes,Sports Shoes,3.0,48.77,146.31
711e20c3-29d5-4e57-a71b-ef257f5f7a16,Qatar,2024-07-17,4166.0,Water bottles,Steel,8.0,47.14,377.12
e5385ac1-6d5b-43b0-8716-961d41703df3,Qatar,2024-07-28,5961.0,Water bottles,Foldable,5.0,50.36,251.8
1070750e-5096-4bc4-a6b6-fe310a9cf3f4,Qatar,2024-06-08,8207.0,Water bottles,Steel,10.0,45.41,454.1
829d7541-e990-4f32-af85-75e49115e4f0,Qatar,2024-12-15,8337.0,Smart Phone,Galaxy,5.0,26.23,131.15
06761e48-9aaa-4e2f-a905-c5a0bcffa962,Qatar,2024-09-10,9896.0,Shoes,Boots,2.0,40.45,80.9
3f178495-f0a6-4bc9-948b-42faaf4b1ed3,Qatar,2024-12-10,2549.0,Perfumes,Spicy,1.0,33.91,33.91
54c35fcd-4e71-476a-ac13-0b4c7329666b,Qatar,2024-06-12,8646.0,Smart Phone,OnePlus,3.0,36.82,110.46
2101f87d-0a45-4ebb-8c6c-b94ec2255913,Qatar,2025-04-22,1068.0,Shoes,Sandals,9.0,32.59,293.31
599a0b6c-fc34-4d6e-b437-49024067b6e0,Qatar,2024-08-11,9270.0,Water bottles,Glass,4.0,31.32,125.28
75dff95a-70bf-417b-a983-8000dfbcddde,Qatar,2025-01-24,6285.0,Water bottles,Smart,5.0,45.18,225.9
2615b034-ba80-452a-b089-660fdcae8170,Qatar,2024-06-06,9718.0,Water bottles,Insulated,1.0,44.05,44.05
8e3db032-9064-4b33-862d-ac07448cc5a8,Qatar,2024-11-14,3861.0,Perfumes,Spicy,3.0,28.32,84.96
2be0b091-f512-4628-b565-7945fa7d0429,Qatar,2025-01-09,5688.0,Jeans,Bootcut,3.0,27.14,81.42
22a403c9-443d-4e6e-8937-24a088a193a4,Qatar,2025-02-01,4928.0,Water bottles,Smart,1.0,48.55,48.55
bba8aff1-8d96-4c7f-93d3-28fe9a51ca3f,Qatar,2024-12-14,3720.0,Jeans,Regular Fit,8.0,41.59,332.72
792b9356-27d0-47b7-b8a1-8c04c9fe2250,Qatar,2024-08-18,1968.0,Perfumes,Aqua,7.0,51.32,359.24
e0a5a210-b0ef-420b-8305-89241ddf7494,Qatar,2024-07-04,5184.0,Smart Phone,Realme,3.0,23.59,70.77
57e700aa-fc25-415f-b064-9c85e1da674a,Qatar,2024-07-21,6970.0,Shoes,Formal Shoes,9.0,32.18,289.62
46a3df9e-4887-48cb-883b-476075994722,Qatar,2024-08-25,8654.0,Perfumes,Fresh,8.0,39.5,316.0
936bcbf6-e3b0-47a5-83e0-11b556ebb2a6,Qatar,2024-08-24,5732.0,Shoes,Sandals,9.0,53.82,484.38
14bfe87e-d01d-41f7-83eb-4e7b2aace370,Qatar,2025-01-14,9707.0,Tshirts,Full Sleeve,1.0,22.77,22.77
db360c5f-2dfc-49f1-8c9d-c93cb7f5b3ac,Qatar,2025-01-11,7682.0,Water bottles,Insulated,10.0,23.14,231.4
a4453aba-7db9-4cff-809f-531245ea95d4,Qatar,2025-01-06,9210.0,Tshirts,Graphic Tee,4.0,24.86,99.44
40d0cd24-2c6c-4cf9-b131-5c9cfd9e54ce,Qatar,2024-11-01,4347.0,Tshirts,Tank Top,9.0,52.09,468.81
e84c591f-a6dd-4af1-b6e3-6bc952bdcd4d,Qatar,2025-01-10,9655.0,Smart Phone,Realme,10.0,42.95,429.5
c3c1a61a-5fe9-4889-beef-8777e1d4bdef,Qatar,2025-01-19,4929.0,Tshirts,Graphic Tee,10.0,24.32,243.2
76f7bd95-0fa7-4f9b-8089-a1eadaa424f8,Qatar,2024-09-13,2953.0,Perfumes,Floral,9.0,35.41,318.69
f1a172e3-fb48-4114-9e5b-841e42d6d4e0,Qatar,2025-01-21,8866.0,Jeans,Relaxed,8.0,42.95,343.6
eadad07f-2d6b-49e7-919f-3c71e2295732,Qatar,2025-02-04,1421.0,Perfumes,Citrus,3.0,41.77,125.31
23eb9ee2-177f-4df0-80cf-e3a8b9665b76,Qatar,2024-08-19,1777.0,Shoes,Sneakers,5.0,44.82,224.1
122dce9f-a2bc-4858-9166-7c65fcdf8b99,Qatar,2025-05-06,7377.0,Shoes,Boots,6.0,41.09,246.54
60abb251-06c7-47ce-b9b3-68841d3e4ce4,Qatar,2025-03-24,7770.0,Smart Phone,Pixel,6.0,41.09,246.54
e9c331e0-7224-4add-bffc-d2c33e0a5bf6,Qatar,2024-09-11,6540.0,Tshirts,Tank Top,3.0,46.45,139.35
d9791ce3-13d8-483a-acbb-cd70024ad2d0,Qatar,2025-03-10,2368.0,Smart Phone,Xiaomi,8.0,35.32,282.56
1a3543b5-024d-45ae-94d0-9f2e59995b01,Qatar,2024-06-24,2333.0,Shoes,Sneakers,4.0,24.59,98.36
e8e6f528-006b-4c3a-8b4a-22076a521390,Qatar,2024-08-20,4067.0,Jeans,Regular Fit,3.0,25.55,76.65
2a413511-7b08-44cd-bb9b-b71be90da574,Qatar,2024-12-16,9865.0,Jeans,Skinny,4.0,51.18,204.72
f6555f0f-feba-4f18-8a09-2da36a6654a3,Qatar,2025-04-13,3189.0,Jeans,Relaxed,5.0,40.82,204.1
,Qatar,2024-12-15,5329.0,Shoes,Sandals,4.0,33.09,132.36
8c49767d-9dfa-47af-b3b7-55cabf5e4ff4,Qatar,2024-09-05,3310.0,Smart Phone,OnePlus,7.0,24.55,171.85
764bc004-d9b8-43fd-8964-45f35f368532,Qatar,2025-01-09,9278.0,Tshirts,Graphic Tee,6.0,46.68,280.08
084cb20d-29f7-4926-82e2-7eace00650df,Qatar,2025-05-10,2010.0,Jeans,Bootcut,7.0,44.36,310.52
15b3f743-4931-4526-9144-5386a5b78134,Qatar,2024-08-30,1226.0,Shoes,Sneakers,6.0,28.55,171.3
d799aa72-390b-48d6-b9c6-88b6a4426d1b,Qatar,2024-11-19,3778.0,Jeans,Skinny,10.0,52.18,521.8
8883bccb-d80c-400c-b49f-5b163f272313,Qatar,2025-05-05,6799.0,Tshirts,Cotton Tee,4.0,39.36,157.44
84d152f0-2b6e-477f-9e43-46e0942d3c49,Qatar,2025-02-11,5477.0,Smart Phone,Xiaomi,4.0,32.41,129.64
a8e1f988-52db-4103-b9ac-576d74fb2744,Qatar,2024-11-12,9174.0,Smart Phone,iPhone,5.0,32.82,164.1
a8fad545-781f-4259-9324-e1457a550fe5,Qatar,2025-03-28,7045.0,Perfumes,Woody,3.0,41.32,123.96
45c8bd55-9af1-4895-b7ea-40b6962d639f,Qatar,2025-02-21,6184.0,Perfumes,Floral,3.0,44.36,133.08
d13b1782-47de-4b59-8599-fa1b01231ab5,Qatar,2025-04-07,6586.0,Jeans,Skinny,3.0,54.09,162.27
bdf89a05-6f03-4ad8-8ef9-1891f91c1139,Qatar,2024-05-23,6825.0,Perfumes,Floral,1.0,27.45,27.45
68e9a079-a1f6-41f8-8d31-a34ac47acb1c,Qatar,2025-01-09,7971.0,,Relaxed,1.0,44.64,44.64
9e0e0838-dac6-4768-83dc-2cb7b778d15c,Qatar,2024-10-23,4464.0,Jeans,Relaxed,5.0,32.36,161.8
77cf0adf-ad2f-48f1-8ea8-356c5b732fb9,Qatar,2025-05-01,8965.0,Tshirts,Polo Shirt,1.0,43.45,43.45
cc153371-14f6-45ed-9862-fe2f539f8e26,Qatar,2024-07-19,1932.0,Jeans,Regular Fit,2.0,31.86,63.72
2128eb08-4a7c-499a-801a-c91b16aea9bb,Qatar,2024-10-12,3580.0,Perfumes,Spicy,9.0,32.5,292.5
3e820f4d-a412-4983-86c3-72fecd15191f,Qatar,2024-11-12,7837.0,Smart Phone,Realme,3.0,26.55,79.65
5cce35b5-ed31-4a02-ae8a-b2c4ebd05c43,Qatar,2025-03-10,5758.0,Smart Phone,Xiaomi,1.0,51.82,51.82
97b3121f-cb09-478a-b53d-34dd6b57d09a,Qatar,2025-04-07,2348.0,Jeans,Skinny,10.0,27.41,274.1
531a5956-ce30-480d-bde4-e475a8e03d6b,Qatar,2025-03-10,3783.0,Water bottles,Smart,6.0,51.86,311.16
7af497d1-da17-4b37-a865-7abeda233c03,Qatar,2024-12-28,3329.0,Water bottles,Smart,8.0,28.0,224.0
aa2e97ac-395c-4fab-91e7-1b500f6a9d0b,Qatar,2024-11-30,1015.0,Perfumes,Fresh,,40.64,365.76
c275add5-4321-4314-8f6d-e5ab0f10ca9f,Qatar,2024-06-17,6611.0,Shoes,Boots,5.0,39.32,196.6
f0fbf9d5-1507-493e-b6e9-62b392027568,Qatar,2024-07-03,3351.0,Water bottles,Plastic,6.0,27.18,163.08
51e3942f-bd63-4026-9071-800f6a33a75b,Qatar,2024-11-12,3638.0,Water bottles,Foldable,8.0,33.05,264.4
1200b1ef-6acf-4ffa-88c9-35c29d726910,Qatar,2024-09-12,5442.0,Jeans,Skinny,1.0,36.18,36.18
24075c74-5aaa-41f7-82d8-e4dd0f3eb869,Qatar,2024-05-22,7518.0,Water bottles,Plastic,8.0,52.0,416.0
43723353-3459-4938-befe-4d6bca64fd81,Qatar,2025-04-22,2677.0,Perfumes,Citrus,9.0,47.0,423.0
10e28a07-9ceb-4c3b-b456-bc07b63ef912,Qatar,2024-11-16,7301.0,Jeans,Bootcut,9.0,28.86,259.74
33cc0e85-3ec6-4206-be0c-cfed0c5b672d,Qatar,2025-03-31,5782.0,Jeans,Relaxed,1.0,49.32,49.32
a66d4843-8775-484a-963a-f6964807f4b6,Qatar,2024-09-08,7875.0,Smart Phone,Xiaomi,8.0,50.95,407.6
6e0cf609-dd71-4276-8de9-3ee3a716caa3,Qatar,2024-06-04,4263.0,Water bottles,Smart,4.0,46.82,187.28
e91cb1d7-78a2-40a9-b8f6-f29b16503cab,Qatar,2024-12-14,6604.0,Tshirts,Full Sleeve,1.0,40.05,40.05
60a23628-74c5-4b86-b442-09b1c3e71329,Qatar,2024-09-11,4408.0,Tshirts,Tank Top,6.0,46.45,278.7
8117766e-f676-475d-a646-928c400cb86a,Qatar,2024-06-26,9804.0,Water bottles,Insulated,6.0,38.77,232.62
22a2a2f8-c048-46a0-bb49-0e519e46ddef,Qatar,2024-07-27,6100.0,Water bottles,Smart,3.0,24.09,72.27
509d59c4-8520-414b-a7a2-a01ef94b43fb,Qatar,2024-09-21,8610.0,Smart Phone,Pixel,9.0,42.91,386.19
401a272f-6063-4b70-a4ac-6fbf05d8b66a,Qatar,2024-05-20,5680.0,Water bottles,Steel,8.0,41.45,331.6
bc194478-3ea3-42ca-bbec-0c6b8fff2706,Qatar,2024-08-21,3225.0,Shoes,Sandals,8.0,42.14,337.12
d5d4d79a-e0f5-4703-b27f-d85f7402ae6b,Qatar,2025-04-25,6360.0,Shoes,Sports Shoes,9.0,49.55,445.95
2b3b61b0-eb10-479d-ba5d-478cd336aae0,Qatar,2024-09-24,8570.0,Jeans,Straight,6.0,49.86,299.16
5fce2822-292a-470f-9c95-870ac4b68b46,Qatar,2024-12-12,7448.0,Tshirts,Full Sleeve,4.0,22.73,90.92
ff998d95-4b0f-4a54-bff1-2088a824c9bf,Qatar,2024-09-06,5966.0,Jeans,Bootcut,8.0,29.55,236.4
e044911a-fa71-4cac-a7fd-71c9df7e6540,Qatar,2025-04-20,9088.0,Jeans,Slim Fit,6.0,37.86,227.16
11b24601-c997-4cff-8263-cf5fe3fd030a,Qatar,2024-11-24,8996.0,Smart Phone,iPhone,8.0,54.23,433.84
c3b62dd3-58be-4c1d-afff-9235995faf9e,Qatar,2024-05-31,4743.0,Perfumes,Fresh,4.0,42.0,168.0
c23ec6ef-24ac-46be-bd76-b4976c6bbe96,Qatar,2025-01-18,1938.0,Shoes,Sports Shoes,10.0,38.36,383.6
aa8107f0-4f41-4f39-b0f1-fa70cc26219c,Qatar,2024-06-12,8922.0,Jeans,Straight,6.0,48.91,293.46
d422c59b-084e-4551-b609-b146e67aa688,Qatar,2025-01-15,7936.0,Water bottles,Glass,6.0,42.0,252.0
1b18b735-3f89-421e-ac44-89d30afb0781,Qatar,2024-10-21,6302.0,Water bottles,Smart,4.0,39.82,159.28
58664c20-7ce0-4e4c-ad6f-c8b6d7d0ece9,Qatar,2024-09-03,2150.0,Tshirts,Tank Top,4.0,45.55,182.2
77d5242d-be22-4c05-9bcb-7f2a58f77937,Qatar,2024-06-25,7813.0,Jeans,Relaxed,1.0,26.95,26.95
dc0f0505-14b9-41f2-aa99-326dad665a01,Qatar,2024-10-24,7890.0,Water bottles,Insulated,7.0,32.18,225.26
63549976-3d2e-429f-bf0b-7aaeef292e5d,Qatar,2024-08-19,7673.0,Jeans,Relaxed,6.0,30.5,183.0
9194a2fd-5775-4632-839f-665ca3a45bd4,Qatar,2025-04-21,4392.0,Water bottles,Insulated,3.0,32.23,96.69
fbf19ea9-6a52-4fdc-958f-8562964671ac,Qatar,2024-07-25,7470.0,Water bottles,Plastic,9.0,35.95,323.55
97ecec56-113f-4d7d-a772-7fb49b63cb40,Qatar,2024-07-02,2335.0,Perfumes,Floral,2.0,50.55,101.1
b5828358-a428-4ea5-a533-f9daf2e4400d,Qatar,2024-10-27,8389.0,Smart Phone,Galaxy,10.0,27.18,271.8
4fd806d8-e458-4273-bd34-1081d87d7bf1,Qatar,2024-12-16,8964.0,Perfumes,Aqua,9.0,36.77,330.93
7b52fa70-868d-4b91-8dde-40448daea332,Qatar,2024-12-21,3654.0,Smart Phone,Realme,8.0,23.77,190.16
4286e402-0d0b-4341-a081-662d7ea21411,Qatar,2025-02-13,7368.0,Water bottles,Plastic,5.0,41.95,209.75
fd3e1572-d4ad-4022-a003-81059219a03b,Qatar,2024-07-24,5103.0,Smart Phone,Xiaomi,4.0,49.27,197.08
f0f879c6-011b-473c-bc2c-ef2f2215ee0d,Qatar,2024-06-29,5613.0,Perfumes,Woody,6.0,51.27,307.62
b7eef510-eaad-4a47-961e-f83b67c61987,Qatar,2025-03-07,1197.0,Shoes,Sneakers,7.0,45.23,316.61
6acc39c9-592a-4eeb-b045-ac4469c94fc0,Qatar,2024-11-12,8451.0,Perfumes,Fresh,10.0,23.77,237.7
bb3db96a-9ece-4743-a43f-6e6a5fabaf5c,Qatar,2024-09-03,1578.0,Tshirts,Graphic Tee,6.0,36.32,217.92
28cafb6b-be97-40e5-9aea-c80d379313d4,Qatar,2024-11-12,1302.0,Perfumes,Aqua,5.0,23.36,116.8
4efc5845-20a1-4880-809d-1a5d37cef3b9,Qatar,2025-03-07,4756.0,Smart Phone,iPhone,7.0,35.36,247.52
69c4b61f-d6cc-498d-976f-3527c97be1ad,Qatar,2024-06-14,3478.0,Perfumes,Woody,8.0,34.59,276.72
d5b5c13e-3e2a-4c08-b720-a35d034b3b25,Qatar,2024-12-09,4274.0,Water bottles,Plastic,8.0,47.82,382.56
aa24eb01-f7bf-4429-a641-8f79eb2168f1,Qatar,2025-04-18,7442.0,Tshirts,Full Sleeve,3.0,37.86,113.58
b854ac7c-a6a3-44d9-a46c-a6f33a81481e,Qatar,2025-05-13,3834.0,Perfumes,Aqua,6.0,53.41,320.46
4730350a-99e9-434a-a9fd-4824aaf7c2c1,Qatar,2024-05-25,4583.0,Shoes,Sneakers,4.0,48.45,193.8
32abe4b7-b041-47d5-a208-79ba58544a17,Qatar,2025-01-27,6608.0,Shoes,Formal Shoes,8.0,43.64,349.12
d40da43d-ce65-4f82-9033-e0580c24c81f,Qatar,2025-03-14,7048.0,Perfumes,Spicy,4.0,46.09,184.36
8e31e669-746c-4f35-8056-d992671e72bc,Qatar,2024-06-06,7521.0,Shoes,Loafers,6.0,35.0,210.0
d9662bc6-48b6-436f-a6d9-ec3a546b5498,Qatar,2025-04-10,2183.0,Smart Phone,Xiaomi,10.0,37.55,375.5
cca06420-28f4-4736-9b04-ab998020982d,Qatar,2025-02-18,2209.0,Tshirts,Graphic Tee,6.0,30.05,180.3
964c45fe-46cb-42f8-9eed-01d253f835cb,Qatar,2024-11-11,6767.0,Jeans,Slim Fit,10.0,46.5,465.0
58ac4a0e-d6d2-44b4-a9f7-60ae70c236a1,Qatar,2024-07-06,5995.0,Water bottles,Insulated,7.0,35.77,250.39
94952c71-4377-41e0-9b19-1a238fd89bda,Qatar,2025-03-12,4108.0,Water bottles,Plastic,4.0,35.05,140.2
d07c6216-bea3-45ab-9a3a-a25eabc04be6,Qatar,2024-08-21,7705.0,Jeans,Bootcut,9.0,34.41,309.69
b8c9d666-13aa-4085-a524-7b14dd0a7bc4,Qatar,2025-04-21,7021.0,Shoes,Loafers,3.0,27.91,83.73
6678b006-b863-4715-98bf-f12f98268773,Qatar,2025-02-27,6973.0,Water bottles,Glass,1.0,40.82,40.82
9755c8ee-c1bd-4af8-af91-e43af592f8fb,Qatar,2025-03-03,7285.0,Perfumes,Citrus,1.0,25.68,25.68
1df52cb0-ec76-441d-83e8-685dce9be989,Qatar,2024-12-24,7272.0,Tshirts,Polo Shirt,5.0,38.09,190.45
53c20592-c666-4ac0-8fda-099a1b27c7e1,Qatar,2025-01-29,1681.0,Shoes,Sandals,1.0,42.59,42.59
22c495ce-7037-4c1e-afa1-4175fec86f57,Qatar,2024-05-14,8810.0,Perfumes,Aqua,8.0,32.59,260.72
71604819-3847-4730-ba7f-14d66db968a6,Qatar,2024-07-16,7889.0,Smart Phone,OnePlus,7.0,44.09,308.63
a3fe4ce9-75c2-49e5-803e-ffee7ba6bf6f,Qatar,2024-06-22,6204.0,Perfumes,Aqua,2.0,53.27,106.54
7359f4e9-d196-4e63-a41e-b3bc42b94ab3,Qatar,2024-07-31,2243.0,Jeans,Regular Fit,6.0,28.09,168.54
98d47d41-b9ce-4c5e-8052-6aad6478eb55,Qatar,2024-05-16,5432.0,Jeans,Relaxed,7.0,49.45,346.15
8cbc8197-e4ee-466b-acfb-238dfcdc18a5,Qatar,2025-01-22,6796.0,Shoes,Sports Shoes,9.0,41.73,375.57
6dc2e3a4-80ab-4a50-b7d5-d21a8479d783,Qatar,2024-12-07,1847.0,Water bottles,Steel,10.0,52.41,524.1
17331a6b-d973-452a-839d-fa204e4c8439,Qatar,2025-03-12,9128.0,Tshirts,Cotton Tee,2.0,36.77,73.54
66e1ed47-d834-42c2-be77-8b4248767087,Qatar,2025-03-02,4800.0,Perfumes,Floral,4.0,32.73,130.92
f82bb285-a2df-4b1e-92e0-75f2d1fdf3a6,Qatar,2024-05-26,,Perfumes,Citrus,7.0,53.5,374.5
3812af8a-860f-4df6-9153-b5bf7f70881b,Qatar,2024-07-08,2418.0,Perfumes,Woody,1.0,37.41,37.41
a7fdbdd1-953a-4bfb-a72a-6c39f76ae8a4,Qatar,2024-05-30,5631.0,Tshirts,Polo Shirt,6.0,50.0,300.0
50426c91-2e72-4fd7-9360-85f910244401,Qatar,2024-12-19,1595.0,Smart Phone,iPhone,1.0,46.86,46.86
c2a528e2-3a6f-4b21-aee8-e8a2ba8bf26c,Qatar,2025-03-09,7860.0,Tshirts,Cotton Tee,5.0,31.27,156.35
da42f2e2-63a1-4211-b7df-e63bfcbcdcb9,Qatar,2024-10-28,4480.0,Smart Phone,Galaxy,2.0,47.91,95.82
f94941a0-d16f-4817-9ca5-16d6906dc63b,Qatar,2024-11-12,9651.0,Perfumes,Aqua,2.0,40.64,81.28
684fc293-3251-4a46-82b2-51f1199457eb,Qatar,2024-08-14,3955.0,Perfumes,Spicy,2.0,49.64,99.28
3e0b087a-61c2-466b-808a-512462841fe8,Qatar,2024-11-27,2308.0,Smart Phone,Realme,1.0,40.09,40.09
38f344d1-1e02-4d08-9361-55708d09d751,Qatar,2024-08-08,7651.0,Shoes,Sneakers,2.0,49.5,99.0
124c3f25-7e48-4266-b3cb-3761d79b788e,Qatar,2024-12-30,5420.0,Water bottles,Foldable,10.0,33.05,330.5
9fce91c3-80e4-48e6-9b86-8adc08933949,Qatar,2025-03-02,1211.0,Smart Phone,Galaxy,7.0,46.05,322.35
60c949b5-0351-4198-aaea-d437358f0fc8,Qatar,2024-10-31,8735.0,Smart Phone,Galaxy,1.0,45.18,45.18
60c4f0a4-2cca-49cb-adc6-da13a9926808,Qatar,2024-09-16,5239.0,Water bottles,Glass,3.0,51.09,153.27
b1c326c0-1841-405e-9d0d-929cb2b103ab,Qatar,2025-02-27,6065.0,Jeans,Relaxed,9.0,30.27,272.43
5b3cf9fe-73de-4685-ba97-d80450fca476,Qatar,2025-03-07,9490.0,Shoes,Sneakers,2.0,45.55,91.1
db2758c1-fbac-42ab-a56e-73158826e7b4,Qatar,2024-09-16,2707.0,Tshirts,Polo Shirt,4.0,50.23,200.92
d1a5b29a-1a5f-446b-aced-079ec30bb7f7,Qatar,2024-06-26,9903.0,Jeans,Slim Fit,5.0,31.77,158.85
51dc3fb5-1316-4e55-9825-4828dd567eaf,Qatar,2024-11-08,9717.0,Jeans,Regular Fit,10.0,24.68,246.8
8b6aa701-9bc7-4652-b876-4c84025de8b8,Qatar,2024-07-31,8109.0,Shoes,Sneakers,1.0,53.68,53.68
2d6f29a6-0f7f-4d86-b3da-2bee52d82a77,Qatar,2025-03-04,8017.0,Jeans,Skinny,2.0,54.18,108.36
a027a9a4-ebf7-450d-bfa5-d42d0d3702ba,Qatar,2024-09-07,6637.0,Smart Phone,Pixel,9.0,39.59,356.31
3db51e16-b02a-4367-b3e7-754860776e15,Qatar,2025-04-10,9855.0,Smart Phone,iPhone,5.0,43.59,217.95
4cf79d96-3e84-497c-a696-3ba493fd4ccd,Qatar,2025-01-11,6259.0,Smart Phone,Pixel,2.0,27.64,55.28
13bed02f-56c8-4221-8db8-80a473bae147,Qatar,2024-09-14,6525.0,Jeans,Skinny,1.0,28.82,28.82
87cc9f07-da6d-46d1-b873-44abb8f39f1a,Qatar,2025-05-13,9911.0,Tshirts,Graphic Tee,6.0,50.27,301.62
33d8fd67-a3cc-4e45-92ea-488d01ef34ff,Qatar,2025-03-22,3722.0,Smart Phone,OnePlus,2.0,45.55,91.1
ad5f2634-fed0-4551-84f3-b3b7f625ccca,Qatar,2025-02-24,2803.0,Tshirts,Tank Top,1.0,42.77,42.77
abf5c12c-bf58-4c3b-867c-564caa43816e,Qatar,2024-10-12,8693.0,Tshirts,Tank Top,2.0,26.5,53.0
c0899405-71a3-450c-81e6-911f8f6d9e14,Qatar,2025-04-16,4100.0,Jeans,Relaxed,4.0,52.73,210.92
9c577fdd-cbe9-4838-9f73-440aeb027c2f,Qatar,2024-07-13,4038.0,Perfumes,Spicy,4.0,33.0,132.0
946b835d-af69-489b-bd9b-6ef659387275,Qatar,2024-08-19,2401.0,Shoes,Boots,9.0,49.86,448.74
0d19364d-00eb-410e-840c-f33a42e32c21,Qatar,2025-04-24,3597.0,Perfumes,Fresh,1.0,29.0,29.0
798f5701-6e5c-43e9-a691-d2aa814d567e,Qatar,2024-07-27,9956.0,Jeans,Regular Fit,5.0,28.05,140.25
716a569f-5c3b-4ecf-a15b-8f41f3835772,Qatar,2024-06-21,2513.0,Shoes,Sports Shoes,9.0,42.73,384.57
bd389791-c78a-4c0f-a5d3-8ae031d7ca7c,Qatar,2025-03-18,7845.0,Perfumes,Fresh,2.0,50.86,101.72
686477b3-8a36-4a15-99b6-0b282c30c392,Qatar,2025-05-01,6140.0,Perfumes,Fresh,2.0,40.73,81.46
a0070063-f5dd-4c01-8acb-cb6762cc9d22,Qatar,2024-08-03,1332.0,Smart Phone,Xiaomi,5.0,24.95,124.75
5c8b4dd8-d9dd-4547-ab85-052a939d5aab,Qatar,2024-12-11,2278.0,Shoes,Loafers,2.0,26.86,53.72
0435d25f-3e7c-4c21-b3cd-b1a96589433f,Qatar,2025-04-09,5608.0,Tshirts,Polo Shirt,1.0,42.36,42.36
171e3893-a1b6-4553-94ab-1f3c922aa4c7,Qatar,2024-10-29,2000.0,Smart Phone,OnePlus,9.0,27.5,247.5
19115f3f-b08e-4345-b364-516fb69cc4fe,Qatar,2024-10-11,8070.0,Shoes,Boots,1.0,41.64,41.64
f899a35f-c071-40b3-bc17-6efb2dcdf194,Qatar,2024-07-08,5491.0,Water bottles,Steel,8.0,51.14,409.12
4e57ca01-5172-4688-964b-40b85ce2a1cf,Qatar,2024-06-11,9739.0,Shoes,Sneakers,4.0,48.41,193.64
9d85b47a-7426-4754-94cf-7750a2baad72,Qatar,2025-05-03,3667.0,Perfumes,Woody,5.0,34.95,174.75
1371a041-5a1c-4da7-932f-1565e522f2ae,Qatar,2025-03-06,7995.0,Shoes,Sneakers,1.0,41.5,41.5
bb2a4f05-61f5-4560-8950-88b5146db200,Qatar,2025-03-10,1985.0,Water bottles,Glass,1.0,46.05,46.05
e4193e52-63b4-4bb1-9dc6-2b2a2ec28d09,Qatar,2024-05-16,5852.0,Jeans,Relaxed,5.0,43.95,219.75
a31bc1cd-0480-4cfc-9754-cec16b390893,Qatar,2024-06-23,8244.0,Smart Phone,Xiaomi,4.0,48.64,194.56
55e35bb6-a8fd-48ef-9ccb-b26b43086251,Qatar,2024-07-30,2735.0,Water bottles,Foldable,10.0,38.91,389.1
61364dea-b814-485f-92a4-c168e8b527fa,Qatar,2025-04-25,9054.0,Smart Phone,OnePlus,10.0,29.32,293.2
51c771da-49b3-4ce4-8b5a-5b7b8bb244fd,Qatar,2024-11-12,6720.0,Tshirts,V-neck,10.0,29.36,293.6
e942c749-2d7d-4d6b-9ff6-4a520e549878,Qatar,2025-02-03,3504.0,Shoes,Sports Shoes,8.0,39.41,315.28
865b611b-c631-4c59-b622-333ee59be1f3,Qatar,2024-12-22,4195.0,Water bottles,Insulated,3.0,42.77,128.31
41162025-be16-4325-841d-9b2c58b72ea4,Qatar,2025-04-07,1250.0,Jeans,Relaxed,9.0,51.91,467.19
2be9cf5e-c185-476b-b6cc-4aa5afe0558c,Qatar,2025-01-08,5138.0,Smart Phone,Pixel,2.0,50.86,101.72
ee1a7dcd-3be6-4049-96fe-51c28a77a760,Qatar,2024-08-08,8456.0,Shoes,Loafers,2.0,24.77,49.54
5b59534d-5119-4c04-82a6-b7be932d5e1f,Qatar,2024-08-21,3912.0,Shoes,Sandals,9.0,29.18,262.62
c872dee0-d218-4876-817b-3a092817dd6b,Qatar,2024-07-22,3965.0,Smart Phone,Galaxy,5.0,44.55,222.75
dc09e55e-9625-42cd-824e-8c950c2ccde9,Qatar,2025-02-02,3272.0,Smart Phone,Xiaomi,10.0,37.59,375.9
df78f5e3-70c3-487f-9841-14801c546341,Qatar,2024-10-13,6367.0,Jeans,Relaxed,3.0,40.73,122.19
bc96646a-7a2b-43aa-8e9a-8ee6c25dc90c,Qatar,2024-08-10,3758.0,Smart Phone,Pixel,2.0,26.64,53.28
65be2ecd-99b0-4e35-8027-7ba57c810923,Qatar,2025-03-26,5844.0,Smart Phone,iPhone,7.0,47.86,335.02
ee7e7fec-e99f-4644-8239-064b0c1a13b8,Qatar,2025-02-01,8894.0,Jeans,Bootcut,9.0,50.5,454.5
41c39685-5ad2-4e25-a49a-a3e6a4719b72,Qatar,2024-08-03,3529.0,Smart Phone,Xiaomi,7.0,50.36,352.52
c1ec8152-8fe8-4ea9-bb39-3f33d7cd52cd,Qatar,2024-09-29,4682.0,Tshirts,Cotton Tee,6.0,41.14,246.84
692fe234-85d2-452a-86bb-a0affc3f3a32,Qatar,2025-01-17,3097.0,Smart Phone,Realme,5.0,45.55,227.75
83ed79b2-0bfb-497c-a61b-0097973d8f96,Qatar,2024-09-15,6450.0,Tshirts,V-neck,3.0,45.86,137.58
d47299d3-c102-4af7-8ea6-5f18f97f3594,Qatar,2024-08-27,1454.0,Water bottles,Plastic,3.0,37.73,113.19
8e9db261-1e2f-4733-90a0-c3f0d615a47c,Qatar,2024-07-01,2716.0,Jeans,Bootcut,6.0,29.77,178.62
7bb9b691-0d4e-40a3-9d42-0b440f31d0d1,Qatar,2024-08-20,4283.0,Smart Phone,Galaxy,9.0,22.73,204.57
64fcf169-5b46-44f1-8196-5462b5c436ac,Qatar,2024-12-05,4590.0,Perfumes,Spicy,10.0,37.09,370.9
0edc6da4-bac7-4d06-a0e1-ced764cd53f0,Qatar,2025-03-08,8227.0,Tshirts,Graphic Tee,2.0,31.09,62.18
eb04173e-b09f-474f-a1e4-e08b5f9b9139,Qatar,2024-10-28,2138.0,Tshirts,V-neck,1.0,29.68,29.68
42f9d857-2643-44f5-90aa-528375be2f92,Qatar,2025-04-02,6542.0,Water bottles,Plastic,4.0,38.09,152.36
e2eb81c4-62ae-4745-bccb-cc753e7da430,Qatar,2024-08-25,9440.0,Jeans,Relaxed,9.0,28.23,254.07
385feae7-9cff-4f8a-8180-6c2f3ae3bc4f,Qatar,2024-05-18,4427.0,Smart Phone,Galaxy,10.0,38.05,380.5
fa634f76-c34b-4458-9fc6-3a31f4d1495a,Qatar,2024-09-29,9803.0,Perfumes,Floral,3.0,36.14,108.42
2e4b8f13-302e-450c-9881-7e4efb4fae54,Qatar,2025-01-02,8459.0,Jeans,Relaxed,1.0,28.45,28.45
ba3e5b77-45b7-4856-943c-2bcafa703139,Qatar,2024-11-20,5513.0,Jeans,Straight,5.0,35.32,176.6
9daf765d-f3e8-4d1d-96a5-8e14c2c72327,Qatar,2024-05-29,9749.0,Jeans,Relaxed,5.0,27.77,138.85
5d5607ea-4f5e-4288-9a68-57c1115ec21b,Qatar,2025-03-29,8852.0,Water bottles,Steel,1.0,35.77,35.77
9c0eacba-3ba6-447a-b362-5ee8f220781e,Qatar,2024-10-10,6621.0,Perfumes,Citrus,4.0,46.55,186.2
e5a2e7d0-e895-41e5-b4a1-ce0c785b399a,Qatar,2024-10-16,1838.0,Jeans,Relaxed,8.0,52.27,418.16
052a6bca-beed-420b-9d80-39c584d5e55f,Qatar,2024-09-04,9294.0,Smart Phone,Xiaomi,3.0,48.05,144.15
cd47c866-7434-4150-a968-cfa874d11640,Qatar,2024-06-09,8579.0,Shoes,Sneakers,2.0,29.64,59.28
3f4b9506-6901-40da-bb4a-165b2e588458,Qatar,2024-09-10,8203.0,Smart Phone,Xiaomi,4.0,29.55,118.2
b6c09998-eacd-4c87-8e51-8a3eff299b0e,Qatar,2024-10-23,3382.0,Smart Phone,Xiaomi,9.0,49.05,441.45
7a20ab9a-cf28-4696-93e3-9c0e6291a989,Qatar,2025-02-07,9998.0,Tshirts,Full Sleeve,1.0,23.41,23.41
f80336ad-8da0-4aed-9111-ab48d4f86557,Qatar,2024-07-08,9337.0,Perfumes,Citrus,5.0,29.73,148.65
2a238bd9-a605-4224-a96b-79f75df5c6d4,Qatar,2024-08-22,8621.0,Smart Phone,OnePlus,9.0,44.27,398.43
b4c6b8e1-0fcc-4605-ba16-c195b69859d7,Qatar,2025-03-18,8466.0,Smart Phone,iPhone,6.0,54.32,325.92
1fbd1027-3405-48d4-aa94-6bbee6320dfc,Qatar,2024-12-05,9094.0,Smart Phone,Pixel,6.0,35.86,215.16
1f8dcc0a-d253-4897-be38-83ee0594972d,Qatar,2024-10-30,5452.0,Smart Phone,iPhone,9.0,36.68,330.12
5e9d8d97-71ce-4c89-88ca-c2450945024a,Qatar,2024-10-20,8283.0,Perfumes,Floral,8.0,31.82,254.56
7c7c0478-9b75-4c50-bde9-f342c4cb8ec6,Qatar,2024-07-14,3891.0,Jeans,Bootcut,5.0,37.18,185.9
a966afd1-80d8-4fab-8fd3-2e1bbba4585f,Qatar,2025-04-27,5380.0,Jeans,Relaxed,4.0,37.68,150.72
b6100099-96b4-4969-beb1-11fa42351ff8,Qatar,2024-11-18,8047.0,Tshirts,Graphic Tee,9.0,47.23,425.07
75a7bb40-7edd-4cbf-8e7c-5015b175aea1,Qatar,2024-06-29,6305.0,Perfumes,Aqua,1.0,38.14,38.14
00848b9b-66bb-4c8b-b6f7-95b231ee1c34,Qatar,2025-03-08,9097.0,Shoes,Boots,4.0,39.73,158.92
7af4bb7d-25cd-428a-9a24-b53f77004b05,Qatar,2025-03-11,3551.0,Perfumes,Floral,8.0,46.5,372.0
fe2d8473-935e-420b-b2a8-4c94e19fec32,Qatar,2025-02-12,8193.0,Shoes,Sandals,8.0,41.18,329.44
f51dbce3-bdc5-4126-b686-90696e12ceb2,Qatar,2024-09-17,7724.0,Smart Phone,Realme,9.0,24.77,222.93
4bae5d71-c2d5-4b28-8bf8-4759df93998b,Qatar,2024-07-22,8512.0,Perfumes,Citrus,6.0,36.64,219.84
9b846e70-b87f-4d14-91c8-c6992843c651,Qatar,2025-05-05,6111.0,Perfumes,Citrus,3.0,26.36,79.08
6571bc7f-1265-4624-b364-ae2c3f1f84a2,Qatar,2025-01-17,2761.0,Smart Phone,OnePlus,2.0,32.36,64.72
b3f3a850-cba8-4493-b5c4-791951fd6049,Qatar,2024-09-27,3212.0,Jeans,Relaxed,9.0,40.86,367.74
ac092ca2-c553-42a9-8aff-a02a279c508c,Qatar,2024-06-04,5693.0,Jeans,Slim Fit,3.0,40.0,120.0
3bfbda6a-5306-4195-8116-d499a7ee9407,Qatar,2025-02-23,7748.0,Tshirts,Full Sleeve,1.0,53.18,53.18
38a4250d-470c-4ccd-90b0-bc07fa5382d2,Qatar,2024-09-21,4664.0,Shoes,Formal Shoes,5.0,26.55,132.75
f76094b9-f1ee-4326-aaaa-86b9b386c60f,Qatar,2024-11-24,8640.0,Shoes,Loafers,,22.86,45.72
5d9e0ef7-0314-4c2b-aa60-23648cd69c96,Qatar,2024-12-15,4060.0,Tshirts,V-neck,6.0,36.05,216.3
c698a364-60cf-4a89-b93c-68a11da16f4f,Qatar,2025-03-23,6443.0,Perfumes,Citrus,6.0,36.95,221.7
68a49e85-2225-4515-9f4e-616bd5085c23,Qatar,2024-06-25,6630.0,Shoes,Boots,4.0,32.23,128.92
952145b7-9630-48ad-ac73-07bfedaab92d,Qatar,2025-04-04,6999.0,Perfumes,Citrus,2.0,27.23,54.46
c2e8c663-cce2-4b2c-bb89-9d97165f5ad9,Qatar,2024-12-28,6951.0,Shoes,Loafers,4.0,33.27,133.08
3364c114-95c4-4a45-9db2-1e4e1357a7de,Qatar,2024-11-14,3828.0,Perfumes,Citrus,10.0,30.36,303.6
,Qatar,2025-03-07,9069.0,Perfumes,Citrus,2.0,24.05,48.1
1cabef17-28d5-4a79-b00e-454a6c50f6d7,Qatar,2024-07-29,2461.0,Water bottles,Plastic,5.0,52.18,260.9
606fdeea-aee9-463b-86f8-a760658edb83,Qatar,2024-06-12,3476.0,Shoes,Sports Shoes,8.0,50.64,405.12
d8cb58df-20a4-4284-a421-9447cff9f608,Qatar,2025-01-31,8367.0,Water bottles,Foldable,9.0,39.27,353.43
829328ab-ad2f-4fd4-bdd0-747b0a042b4e,Qatar,2024-06-19,2184.0,Water bottles,Steel,9.0,47.41,426.69
45c090e9-8905-4183-8ef1-56c19d8c65d1,Qatar,2024-05-30,2801.0,Smart Phone,Xiaomi,1.0,41.5,41.5
99fa31a1-ed0b-4d5f-810b-21217cceff44,Qatar,2024-08-18,9953.0,Jeans,Slim Fit,10.0,39.77,397.7
314d9798-041d-4f5a-848c-9f121ee8b36b,Qatar,2024-08-06,6591.0,Smart Phone,Xiaomi,4.0,34.59,138.36
b87d0dc4-84a9-4f0f-a43e-1b0bf50acf03,Qatar,2025-03-29,2731.0,Jeans,Straight,8.0,28.64,229.12
11886095-ffe9-40b6-bc64-d655c7240523,Qatar,2024-06-20,9343.0,Perfumes,Aqua,4.0,32.5,130.0
d6d58607-c88e-4c47-8f5c-20e9d2d66eaa,Qatar,2024-08-24,7369.0,Jeans,Regular Fit,10.0,33.36,333.6
260cf901-9427-402c-9caa-b0a60126e743,Qatar,2024-05-14,4671.0,Perfumes,Aqua,1.0,43.14,43.14
427cc907-d7ea-43b5-b957-a6e9143ba27c,Qatar,2025-02-27,7836.0,Jeans,Relaxed,5.0,28.18,140.9
7ed4e93a-5a9c-4194-afd5-4d38f7f75f13,Qatar,2025-02-15,5676.0,Water bottles,Foldable,7.0,32.86,230.02
5869bf9d-9fa5-4bd4-931f-8100fadf8abd,Qatar,2025-04-08,1939.0,Shoes,Sandals,8.0,44.64,357.12
8055d068-ed57-4550-bc30-e1ea4d9eee45,Qatar,2024-12-21,5762.0,Smart Phone,Galaxy,7.0,33.0,231.0
454aa182-65df-4bb3-99b5-94f7a634f02e,Qatar,2024-09-27,8729.0,Shoes,Sandals,1.0,23.27,23.27
456e6703-fe43-41f6-a5d2-dd5dff055ada,Qatar,2025-04-25,6290.0,Smart Phone,Pixel,3.0,29.18,87.54
939ca12e-3338-4921-8106-18ecdaf10b0d,Qatar,2024-08-17,5575.0,Perfumes,Floral,3.0,28.32,84.96
a399dc47-ace2-4aec-a408-b9ffd72467f0,Qatar,2024-11-14,9354.0,Water bottles,Foldable,2.0,28.64,57.28
03e2aeb7-2c07-4f32-96ea-34631ffef985,Qatar,2024-10-29,7240.0,Jeans,Straight,9.0,42.05,378.45
5ed632c2-2d82-4c21-b236-873f9cfc4b98,Qatar,2025-01-26,4865.0,Perfumes,Woody,3.0,43.18,129.54
7852a230-2c8c-4428-8e63-27b315396ff6,Qatar,2024-09-23,6557.0,Water bottles,Plastic,4.0,50.59,202.36
d5c45f4e-7865-4c08-bd78-a7daa280fd55,Qatar,2024-12-17,3198.0,Tshirts,V-neck,10.0,39.45,394.5
16829d05-048b-40a2-8390-6265e4de4cb0,Qatar,2025-04-13,9145.0,Smart Phone,Xiaomi,1.0,30.45,30.45
06d827c7-f921-40a7-ad8d-bb7a14a68201,Qatar,2024-10-24,4904.0,Smart Phone,Realme,1.0,41.18,41.18
d3b52910-1faa-4f0a-b341-b98dbc679ccb,Qatar,2024-12-05,5210.0,Perfumes,Woody,2.0,33.5,67.0
a27ef480-a559-4db6-bb68-f666787f6ba7,Qatar,2024-07-05,2598.0,Shoes,Formal Shoes,4.0,35.0,140.0
0fbf92fe-df5b-46ed-a970-25f7145858bc,Qatar,2024-09-05,5628.0,Perfumes,Fresh,10.0,35.59,355.9
3634ce84-5312-4793-a21c-b4792478b821,Qatar,2024-12-29,3099.0,Perfumes,Aqua,9.0,27.95,251.55
7e171093-c3a1-4cfe-a294-1d935c2e6d35,Qatar,2024-11-15,8470.0,Smart Phone,OnePlus,3.0,27.27,81.81
72269639-5cb3-4ec3-8093-b9c474c8b8a5,Qatar,2025-01-30,1784.0,Jeans,Slim Fit,7.0,24.05,168.35
a88ae43a-1b4d-465d-bec0-6c002a33f86c,Qatar,2025-03-22,6640.0,Smart Phone,Xiaomi,2.0,54.45,108.9
ef8908f5-198c-4c38-97de-36d72fcba817,Qatar,2025-05-08,5619.0,Water bottles,Steel,9.0,37.0,333.0
fecab879-6e95-49ee-8f1b-66ab86bdab30,Qatar,2024-05-27,9703.0,Jeans,Skinny,9.0,34.45,310.05
656fba0b-d3bd-4099-951a-83753af47a1a,Qatar,2025-02-14,3889.0,Water bottles,Insulated,10.0,38.45,384.5
c2142c08-040c-4ba7-88a5-33cdcfb3abfe,Qatar,2025-02-28,9240.0,Shoes,Formal Shoes,6.0,48.41,290.46
7273702a-4fa2-41ad-9814-3f2acaa603bf,Qatar,2025-03-02,6197.0,Shoes,Loafers,10.0,26.14,261.4
da2813ab-14ca-4d82-a844-f7764f7c0c4e,Qatar,2024-10-23,8409.0,Perfumes,Floral,4.0,27.55,110.2
1178b80c-cb09-4204-aa1d-147a867ca123,Qatar,2024-12-01,7787.0,Smart Phone,iPhone,6.0,41.05,246.3
df840c30-1413-4712-ab64-e130bf0d0256,Qatar,2024-08-09,6784.0,Jeans,Skinny,8.0,41.32,330.56
900ebb8e-f5be-4a50-840a-d3f84ac46cff,Qatar,2025-01-10,3214.0,Smart Phone,Pixel,6.0,45.41,272.46
b7d55497-8cd6-4455-8b43-170105340987,Qatar,2025-01-19,7681.0,Shoes,Sports Shoes,2.0,42.5,85.0
0ec5ffbe-989d-4372-aa8d-30faaaf54284,Qatar,2024-10-14,3566.0,Shoes,Sneakers,5.0,45.32,226.6
db994fdb-7bd8-4799-acab-bc0ba8b1792f,Qatar,2025-01-30,9716.0,Tshirts,Tank Top,4.0,38.82,155.28
0c4f81ac-529a-4eb8-bb6b-549edaad5182,Qatar,2024-08-02,8169.0,Perfumes,Aqua,9.0,48.18,433.62
0042285b-41bb-426e-9797-295a996976f6,Qatar,2024-11-12,8821.0,Jeans,Skinny,3.0,45.59,136.77
af8b8fb1-e53b-4a49-a12a-118d13340029,Qatar,2025-01-12,8886.0,Perfumes,Spicy,8.0,23.32,186.56
64f2aeec-ff17-4441-83a2-a3efd7a57efd,Qatar,2024-10-13,5013.0,Tshirts,V-neck,1.0,24.0,24.0
0ce82f9b-bc3f-46c5-bd54-6ae6c85aba0e,Qatar,2024-08-06,4231.0,Tshirts,Polo Shirt,2.0,51.09,102.18
d8fa1fe2-fd29-4979-ae23-e5926309156b,Qatar,2025-05-05,6339.0,Perfumes,Aqua,5.0,37.05,185.25
bc65b61a-ba47-40af-b20b-95da88326434,Qatar,2025-04-24,7221.0,Jeans,Skinny,8.0,34.41,275.28
,Qatar,2024-05-18,7324.0,Tshirts,V-neck,10.0,49.95,499.5
6a4a78e3-b9dc-47f6-b281-6bb9449d945a,Qatar,2025-02-28,6519.0,Water bottles,Foldable,2.0,41.05,82.1
66a146ed-fdfb-4d7d-a380-239764abf276,,2024-08-06,1270.0,Smart Phone,OnePlus,10.0,44.14,441.4
336b00d0-64d4-403d-a6e5-e8850fc93b0b,Qatar,2024-10-12,3377.0,Shoes,Sandals,9.0,33.14,298.26
cae40b95-1e3d-408e-acf2-dd0fb604849b,Qatar,2024-06-03,8574.0,Tshirts,Graphic Tee,10.0,43.86,438.6
f5c95bc7-f70d-4bac-bdaf-ff6bdec0a45d,Qatar,2025-03-24,7431.0,Smart Phone,Pixel,4.0,53.73,214.92
b26cd381-7804-449e-b5f7-b3dc70cf8953,Qatar,2024-06-06,1155.0,Jeans,Slim Fit,7.0,49.91,349.37
92e9d58c-2096-4d9e-a827-d6500cb449df,Qatar,2024-08-18,4553.0,Jeans,Regular Fit,3.0,44.05,132.15
1ad8b5b4-d34b-467e-b206-aab0c6a35eb8,Qatar,2024-08-04,8716.0,Jeans,Relaxed,1.0,30.77,30.77
050bcf47-6bb2-407a-8306-a29fd0bc2436,Qatar,2024-07-13,9777.0,Smart Phone,Xiaomi,8.0,49.05,392.4
7fedcad7-5c15-436c-9363-daf849812f8c,Qatar,2024-11-17,8748.0,Shoes,Boots,8.0,51.59,412.72
e83dcf21-fcd9-4e7a-aa9b-60e96f8c370e,Qatar,2024-10-02,6504.0,Water bottles,Glass,8.0,39.55,316.4
27b728b9-2811-4ac2-999b-d9dc8ed77321,Qatar,2024-08-07,9958.0,Jeans,Skinny,1.0,44.45,44.45
ab0de746-7d80-462d-8e6e-668852bad7dd,Qatar,2024-05-24,9899.0,Water bottles,Glass,10.0,37.05,370.5
9cca977c-86f3-462a-b057-03c2da96aedd,Qatar,2024-11-23,5359.0,Smart Phone,Realme,4.0,45.95,183.8
5c24c791-ad07-420c-86e8-31dc69906f0e,Qatar,2024-09-15,8867.0,Jeans,Relaxed,1.0,41.95,41.95
4f7cdde9-bd72-47d0-a732-f4e050eb67db,Qatar,2025-03-28,9895.0,Perfumes,Citrus,6.0,46.36,278.16
51ef7bf2-0310-480a-a687-d7c81c71fe87,Qatar,2024-12-05,1172.0,Perfumes,Fresh,9.0,47.64,428.76
e78bfdbd-8fe0-44bb-8062-dacc1bdf0e7c,Qatar,2025-01-18,9058.0,Tshirts,Cotton Tee,6.0,47.09,282.54
40ee7792-428f-44b1-b758-d606cdc04ee1,Qatar,2024-11-24,8316.0,Smart Phone,iPhone,9.0,38.86,349.74
bad8f57f-c59e-473f-8fb2-9b548809367e,Qatar,2024-12-12,4833.0,Smart Phone,Xiaomi,4.0,36.36,145.44
7153dbad-71b7-4ff3-9136-8bd94ce3a5b3,Qatar,2024-08-29,3970.0,Jeans,Skinny,5.0,35.45,177.25
34eca6ca-4a48-4397-bc23-ee8937f4a90e,Qatar,2024-12-13,5906.0,Tshirts,Polo Shirt,4.0,40.5,162.0
aeda684c-9879-47de-bf5c-aea98186eed6,Qatar,2025-02-02,6934.0,Smart Phone,Pixel,7.0,53.32,373.24
1cfcbd1d-3ea7-4ccc-9dd0-e0e473e30da8,Qatar,2025-03-20,2057.0,Shoes,Sports Shoes,5.0,41.05,205.25
d8211808-3e3f-4fcf-af65-6186eb37b884,Qatar,2024-12-19,4883.0,Perfumes,Citrus,7.0,53.23,372.61
1450dd17-2866-4c3c-a3e4-cdd2704751a9,Qatar,2024-07-07,9441.0,Shoes,Sports Shoes,5.0,52.18,260.9
622c4758-5e83-46d9-b1c2-98b37481931b,Qatar,2025-04-29,9983.0,Water bottles,Steel,6.0,38.95,233.7
84e70033-d525-414a-9012-b451c186313a,Qatar,2024-11-12,7116.0,Water bottles,Plastic,8.0,35.5,284.0
ab375f3b-ded7-4190-97b6-6ddf7e2696fd,Qatar,2024-12-08,1978.0,Shoes,Formal Shoes,3.0,24.36,73.08
51d725af-0325-4892-96d5-727852dd2c90,Qatar,2024-09-02,6277.0,Shoes,Loafers,8.0,43.32,346.56
084c7b83-48cd-4a2d-9d44-1b288cef7ab9,Qatar,2024-09-16,4838.0,Water bottles,Steel,5.0,48.73,243.65
e907aae7-e222-439e-b00f-7fc93f38f537,Qatar,2024-06-04,1329.0,Water bottles,Foldable,7.0,51.14,357.98
cf805dce-ff5e-45ed-a55d-129592009a78,Qatar,2024-07-13,1776.0,Jeans,Relaxed,5.0,51.73,258.65
74a5e6b0-7807-44c1-ae95-6a3a96867dcf,Qatar,2024-08-07,1446.0,Tshirts,Polo Shirt,6.0,43.23,259.38
91c311b6-a847-4f03-bfe0-6fe991b855d1,Qatar,2024-11-23,1905.0,Tshirts,Graphic Tee,1.0,47.14,47.14
47066625-4ad6-4ec0-a480-8949afa56d29,Qatar,2024-10-02,3573.0,Perfumes,Floral,9.0,31.95,287.55
f917a8b2-e50c-42f4-9c1b-add7f1f5a5a1,Qatar,2025-02-21,2338.0,Smart Phone,Xiaomi,3.0,31.5,94.5
9cb61e93-7102-4c76-add8-2e5c04686195,Qatar,2024-08-11,7631.0,Tshirts,Polo Shirt,10.0,41.64,416.4
844c9783-72da-42d0-a5d0-bd745b0ea850,Qatar,2024-07-14,6662.0,Water bottles,Foldable,5.0,24.68,123.4
0404e4c3-3cd3-488c-a2c4-83ed4a2671b5,Qatar,2024-09-20,1561.0,Tshirts,Graphic Tee,8.0,33.0,264.0
80355d33-abd7-44e5-818a-92e7fb72b675,Qatar,2024-09-09,1117.0,Shoes,Sneakers,1.0,39.09,39.09
50bf964e-b63b-45db-944f-06507eae1b6c,Qatar,2025-03-07,7420.0,Smart Phone,iPhone,5.0,30.91,154.55
7a2b02d9-a06c-4562-9e5b-c2a556b71e2a,Qatar,2024-07-08,9545.0,Shoes,Sneakers,3.0,24.82,74.46
f20ffd3d-9e84-4953-9ed4-5a9d3788678f,Qatar,2024-10-05,1744.0,Perfumes,Floral,8.0,47.5,380.0
72cc9729-6a58-4b55-9b23-765a68a393cf,Qatar,2024-07-23,4534.0,Smart Phone,iPhone,5.0,32.09,160.45
42c410db-8f2c-442a-a872-7ee30888e9ba,Qatar,2025-02-03,3025.0,Smart Phone,OnePlus,7.0,52.86,370.02
32ee7a56-2971-4d80-b16b-6d036c62f1d7,Qatar,2024-12-08,7779.0,Smart Phone,Pixel,4.0,24.45,97.8
798cb633-662a-4c6c-af2e-c5090bc1ee33,Qatar,2024-11-16,7084.0,Jeans,Skinny,10.0,31.86,318.6
906a49ef-5992-494c-af1c-dd65fee50866,Qatar,2024-09-29,6377.0,Shoes,Sneakers,10.0,38.32,383.2
bfaeca43-cd96-4781-9338-782eb03dfb38,Qatar,2024-12-07,9255.0,Tshirts,Full Sleeve,5.0,49.5,247.5
c8c0765b-5c1b-4024-818d-ecb74abdf5fe,Qatar,2024-11-13,7209.0,Tshirts,Cotton Tee,1.0,26.82,26.82
1e6f1679-abce-4304-85e3-20ae0386e889,Qatar,2024-10-27,6837.0,Smart Phone,Pixel,8.0,24.77,198.16
df26808c-0a9b-4d13-8ac6-8dc00b87a9be,Qatar,2025-04-01,6706.0,Tshirts,Full Sleeve,6.0,50.45,302.7
e5484340-da30-41c3-b22d-d541bd35c99f,Qatar,2025-01-21,4459.0,Shoes,Sports Shoes,10.0,34.91,349.1
4afa449f-6748-4e97-b7b0-56e68ffaecb9,Qatar,2024-11-19,3295.0,Smart Phone,Xiaomi,8.0,52.23,417.84
5ce1c4e7-4ded-4f77-aa2c-974cdeee905c,Qatar,2024-09-17,1628.0,Jeans,Regular Fit,7.0,23.73,166.11
3c57a737-388e-41bc-bac3-c3978623659c,Qatar,2024-09-26,2058.0,Shoes,Loafers,8.0,37.68,301.44
4bfa3a9c-c5d5-454c-835f-962fc847f156,Qatar,2025-04-17,7576.0,Shoes,Boots,9.0,44.73,402.57
9b830f5f-abd3-4669-bf6e-d190b3cd167b,Qatar,2024-05-27,5257.0,Shoes,Sneakers,3.0,38.73,116.19
e83d0e3e-9779-409c-b633-34e75b621efb,Qatar,2025-02-13,2711.0,Jeans,Skinny,7.0,24.05,168.35
934a5d8f-affb-4199-829f-745d4d351375,Qatar,2024-10-07,2793.0,Smart Phone,OnePlus,8.0,42.86,342.88
908b8531-0d09-4a27-b001-f96fbd1e1745,Qatar,2024-12-25,9156.0,Tshirts,Full Sleeve,2.0,47.91,95.82
97095584-f3d1-47d7-838f-b640d31b44b9,Qatar,2024-11-24,1291.0,Perfumes,Floral,7.0,33.82,236.74
8baab659-a06f-4a4b-9ba1-586f3ad5a9e2,Qatar,2024-09-05,2779.0,Jeans,Straight,3.0,27.82,83.46
188ee0bf-8cad-42ee-ae3d-f895adeac79f,Qatar,2024-10-02,2434.0,Smart Phone,OnePlus,10.0,39.64,396.4
0971bee4-553d-4bba-aada-3e53e58b2476,Qatar,2025-04-08,4036.0,Perfumes,Woody,2.0,54.0,108.0
f7f29e7a-48af-4003-82e0-5a096e1dadaa,Qatar,2024-09-24,6329.0,Jeans,Regular Fit,7.0,45.91,321.37
e621de87-4ffd-45d7-aa2f-18bebc66bd92,Qatar,2024-07-20,5609.0,Smart Phone,Galaxy,9.0,38.27,344.43
4f9d3bc0-1efe-411c-ad06-0c21a8eeee1b,Qatar,2024-10-30,3031.0,Tshirts,Graphic Tee,2.0,49.64,99.28
484c578f-30f7-46e6-9a30-94f130b9cead,Qatar,2024-07-13,8049.0,Water bottles,Insulated,6.0,52.55,315.3
1699d28a-d4c4-46d3-a706-0974b8498f8c,Qatar,2024-08-02,2186.0,Tshirts,Graphic Tee,1.0,35.14,35.14
aac16152-935d-4c24-8246-dd11d7abd797,Qatar,2024-09-27,8884.0,Smart Phone,Xiaomi,9.0,32.23,290.07
66e70e38-5e27-4d80-81b2-634a56da4c58,Qatar,2025-04-29,3561.0,Shoes,Sandals,5.0,47.41,237.05
642bafb0-26bb-4670-9262-db567887343f,Qatar,2024-07-26,6027.0,Jeans,Slim Fit,5.0,33.32,166.6
2f304dd5-a9f9-4896-b138-5e6f0859b9f0,Qatar,2025-01-23,9675.0,Shoes,Sandals,7.0,32.64,228.48
c873b8b0-bbb9-4175-9af6-4451efb1398b,Qatar,2024-08-18,8037.0,Shoes,Formal Shoes,1.0,35.95,35.95
e1d08b54-6f35-4934-8a9a-870e706017d2,Qatar,2025-01-07,5798.0,Shoes,Sports Shoes,8.0,28.73,229.84
f8333653-8994-47d2-a282-7ba8c3272928,Qatar,2024-11-03,5398.0,Tshirts,Tank Top,4.0,23.18,92.72
c990c529-31a2-4804-9c4e-a2469b6ab5dd,Qatar,2024-06-11,2239.0,Smart Phone,Xiaomi,4.0,46.27,185.08
b691f8fb-e6e5-42fc-9f99-eadd6596d05e,Qatar,2025-02-14,4381.0,Smart Phone,OnePlus,2.0,34.14,68.28
733f4ae0-7bd1-4d83-9b78-376bdfd1d149,Qatar,2024-12-31,6595.0,Water bottles,Foldable,10.0,37.86,378.6
ea468cd2-0a8e-4a0a-8d6a-8c853e4a9853,Qatar,2024-08-02,4103.0,Shoes,Boots,1.0,35.14,35.14
51a34cf3-a778-4d6f-9a10-2949331fe7c7,Qatar,2025-03-18,5580.0,Water bottles,Foldable,10.0,37.41,374.1
285331c8-02e6-4e89-915b-a3708a618af5,Qatar,2024-08-18,9915.0,Jeans,Regular Fit,1.0,51.82,51.82
7c147663-5c06-48c9-9820-9669e8ba0777,Qatar,2024-08-17,7226.0,Shoes,Sandals,6.0,22.95,137.7
65ad7673-4a2a-4677-8f42-3f8a5a6c627b,Qatar,2024-05-28,3398.0,Perfumes,Spicy,2.0,25.23,50.46
6d1f7a3a-e4cd-4319-b552-51ecde6b51a5,Qatar,2025-01-18,6293.0,Jeans,Regular Fit,1.0,52.91,52.91
9d11963c-d827-42e1-bae5-b44eddcf879a,Qatar,2025-04-24,2863.0,Perfumes,Spicy,10.0,53.36,533.6
f42d6d00-7149-4c4f-8abe-b05c4a791f0b,Qatar,2024-08-09,1883.0,Jeans,Regular Fit,10.0,23.68,236.8
741081a8-f941-486e-af97-612386842d76,Qatar,2024-06-15,4238.0,Jeans,Regular Fit,7.0,39.36,275.52
9e7eb520-31ec-4c1c-8494-7595941cc40e,Qatar,2024-05-17,1428.0,Tshirts,Polo Shirt,8.0,24.09,192.72
d873ef5a-575e-4a77-8d53-16d1e9d54ab5,Qatar,2025-03-16,9575.0,Perfumes,Aqua,5.0,39.14,195.7
87972353-d7d6-4d92-88c5-5582b75d4aef,Qatar,2025-01-08,4742.0,Tshirts,Polo Shirt,8.0,54.5,436.0
5486523d-e3c7-4dd6-9e01-1875886f5fed,Qatar,2025-05-13,6373.0,Jeans,Slim Fit,3.0,28.18,84.54
4bf5843d-1cb4-4994-8984-258c41841e1e,Qatar,2024-12-30,8791.0,Water bottles,Foldable,4.0,39.32,157.28
d485d1ab-d4c6-4a13-a111-8eafd061b34d,Qatar,2024-12-22,6889.0,Shoes,Sneakers,5.0,23.73,118.65
5d91b97f-a64a-4cf0-a376-61d7fa62c8cb,Qatar,2025-01-20,1279.0,Tshirts,Full Sleeve,3.0,47.45,142.35
56100399-eb09-41b6-94e2-602447b76f3c,Qatar,2024-12-11,1223.0,Water bottles,Insulated,3.0,46.77,140.31
bf67c2e3-7ff2-4d87-bdde-fefadfdf7727,Qatar,2024-11-10,1859.0,Tshirts,V-neck,2.0,47.32,94.64
27fa557e-f414-4465-8cbb-6714e775a7fe,Qatar,2024-07-26,8620.0,Tshirts,Tank Top,1.0,33.77,33.77
0bd3d718-4003-40d6-bd0c-7952ebd66ca6,Qatar,2024-09-20,1190.0,Shoes,Boots,5.0,47.41,237.05
c1d055fc-d47d-4257-976c-e1000174386d,Qatar,2025-03-26,8730.0,Jeans,Straight,8.0,39.41,315.28
5c8bfec4-3d16-4ecf-aea4-8d19ccbe0940,Qatar,2024-07-23,1890.0,Smart Phone,Xiaomi,4.0,43.5,174.0
be13e321-5397-417a-aa09-e05b65981eee,Qatar,2024-10-25,5830.0,Perfumes,Fresh,5.0,29.68,148.4
317a1cea-f784-4233-aae8-761394c43fa8,Qatar,2024-10-03,8213.0,Shoes,Formal Shoes,6.0,54.36,326.16
aa0f14a8-14c6-46e2-899c-c7c2719c872d,Qatar,2024-09-07,8713.0,Tshirts,V-neck,9.0,26.64,239.76
310f83a6-564e-47d8-bf95-8cc715e00ea2,Qatar,2024-07-11,9080.0,Jeans,Relaxed,9.0,31.45,283.05
c4b8106c-ad7d-40c6-8ad9-6925b1b06b73,Qatar,2024-09-26,6175.0,Smart Phone,OnePlus,10.0,28.82,288.2
e9a5aa16-f1a1-4e41-b6ef-5c6a86e47439,Qatar,2024-12-02,6968.0,Tshirts,Tank Top,3.0,38.68,116.04
6a9db267-f755-4de6-8e2b-a728e307b2f2,Qatar,2024-10-31,6765.0,Shoes,Formal Shoes,7.0,44.45,311.15
014212cc-d07b-454e-bd82-c6fd79c0009b,Qatar,2024-07-27,2487.0,Perfumes,Fresh,6.0,26.41,158.46
e207e30e-673f-4805-be30-0a33eee23b99,Qatar,2025-04-30,8561.0,Perfumes,Aqua,1.0,34.05,34.05
34cfd7b1-1ab1-4b94-a30f-51d20767c4b4,Qatar,2025-01-21,1485.0,Tshirts,Tank Top,10.0,42.41,424.1
5161f577-f6fd-45a7-be90-62a7f001877f,Qatar,2024-11-12,6196.0,Shoes,Boots,8.0,46.05,368.4
c7f93638-213f-4464-9b14-e9504a6fde70,Qatar,2024-10-15,3433.0,Water bottles,Glass,5.0,23.41,117.05
1f7b1b5a-133b-4bed-8a78-f144da0f9782,Qatar,2024-10-24,3438.0,Shoes,Sports Shoes,6.0,28.05,168.3
b07f7157-eb5a-43dd-8771-a24f3cf1e41b,Qatar,2024-10-25,7958.0,Perfumes,Spicy,5.0,29.05,145.25
c2e14502-3036-4f50-9322-ee8f41d2a6e9,Qatar,2025-05-08,4827.0,Water bottles,Glass,4.0,24.64,98.56
c0873379-6ee3-4080-b251-e040193a8a83,Qatar,2025-04-15,1156.0,Tshirts,Graphic Tee,10.0,41.91,419.1
52d609e8-c774-4124-88a2-b53b6e1e3022,Qatar,2025-01-19,4492.0,Shoes,Boots,4.0,50.68,202.72
edaee0a6-ffd9-4dd6-bafb-7a3f79ce5c4e,Qatar,2025-01-22,8016.0,Shoes,Sports Shoes,2.0,46.5,93.0
bfd95319-af3b-4dcd-95ea-93eb939c3ad3,Qatar,2024-09-15,1224.0,Perfumes,Fresh,3.0,28.95,86.85
ac764828-b20c-42aa-9b42-200d4637d5fe,Qatar,2024-09-16,6020.0,Shoes,Boots,8.0,43.5,348.0
3cf54bcd-3d8d-4cb5-bf91-31c2d67af5b3,Qatar,2024-08-25,7080.0,Smart Phone,OnePlus,10.0,40.05,400.5
a72cfa01-d46c-4b72-a786-367ffc58c53f,Qatar,2025-04-11,8828.0,Shoes,Boots,3.0,28.18,84.54
6d33c65e-aa33-495b-9801-ea1d08d04b3b,Qatar,2024-11-24,9492.0,Smart Phone,iPhone,10.0,36.14,361.4
8e9821a2-65d8-406a-9f12-ab5c53d55482,Qatar,2024-12-22,8322.0,Jeans,Skinny,8.0,50.45,403.6
65f1c662-63fc-4a91-a73f-eb36badc2243,Qatar,2024-11-26,3010.0,Tshirts,Graphic Tee,5.0,25.59,127.95
d2599dbb-aaf1-4808-b5c4-4e8c266c7f75,Qatar,2024-06-28,8963.0,Shoes,Sports Shoes,9.0,35.95,323.55
00975552-58a1-40be-a312-a6857f951f81,Qatar,2025-03-30,5167.0,Perfumes,Fresh,8.0,42.09,336.72
19ea4ed0-c8cb-417a-a87f-eb8e2e0dce66,Qatar,2025-01-31,6071.0,Water bottles,Steel,7.0,43.0,301.0
9bf4a1ac-0309-4cca-a6ab-f251b8f1209a,Qatar,2024-08-20,9326.0,Water bottles,Foldable,7.0,38.59,270.13
b57b1170-9e1b-4b13-90c4-f8c674916fe2,Qatar,2025-01-08,2751.0,Smart Phone,Galaxy,6.0,29.86,179.16
300eaba6-5403-4982-b9b5-634d07858440,Qatar,2024-10-05,1726.0,Jeans,Bootcut,3.0,24.09,72.27
67ae73db-4298-41d9-9e53-1e472d9946c8,Qatar,2024-12-23,5724.0,Smart Phone,Pixel,10.0,34.95,349.5
1a84b79b-e079-405a-bb50-b2c2b622a25a,Qatar,2024-07-19,3284.0,Tshirts,Graphic Tee,2.0,36.73,73.46
2e6d99c2-2048-48ec-bab2-686fd2a17172,Qatar,2024-08-10,6271.0,Jeans,Skinny,8.0,29.59,236.72
ce2a1bae-dc2f-4f74-b430-f524e2f0a58c,Qatar,2024-11-14,8864.0,Jeans,Slim Fit,6.0,35.86,215.16
f995ff74-86db-40ce-bbe6-2af3030e5558,Qatar,2024-09-28,9506.0,Water bottles,Smart,5.0,32.09,160.45
2b6177c6-9e33-4d07-bacf-411534818e0e,Qatar,2024-07-01,4689.0,Water bottles,Steel,6.0,25.32,151.92
6c9bb4d3-1c92-4c45-bcc8-b96bf32a2659,Qatar,2025-03-26,7101.0,Shoes,Boots,4.0,48.59,194.36
1313495a-3b5c-42cd-9fe5-75961b514fc4,Qatar,2025-05-08,5941.0,Shoes,Boots,6.0,51.68,310.08
8b6207cc-993b-404f-b6e0-e668451be473,Qatar,2024-12-17,4789.0,Shoes,Sandals,2.0,31.41,62.82
392c4a2d-1880-48f0-9f90-aaee8b31deb9,Qatar,2025-03-17,6130.0,Perfumes,Fresh,4.0,32.68,130.72
db37e876-708b-442f-87fa-fcfa4eff8471,Qatar,2024-11-19,1254.0,Water bottles,Insulated,7.0,42.0,294.0
eb105574-3b8e-4686-a9ec-f49c5224bc01,Qatar,2024-09-29,9318.0,Perfumes,Spicy,1.0,39.27,39.27
3457c3da-daa3-4db3-a152-bb7984cf0e64,Qatar,2025-05-05,9478.0,Water bottles,Foldable,1.0,26.95,26.95
ce542fef-0ed6-453b-926f-53f3fe100cc5,Qatar,2025-05-10,5829.0,Water bottles,Steel,4.0,36.36,145.44
d98ea00e-e25e-44d9-9235-65e019ae3c1f,Qatar,2025-03-23,2131.0,Tshirts,V-neck,8.0,38.05,304.4
17e26f5c-b26c-4757-ae45-9021b7f85fbb,Qatar,2024-06-23,6445.0,Jeans,Slim Fit,10.0,51.82,518.2
068b36e9-3860-4eb8-be5a-29645642f886,Qatar,2024-12-31,1238.0,Jeans,Regular Fit,9.0,40.91,368.19
5efe5b1e-eb67-4705-bc26-b151496b71a9,Qatar,2024-11-30,3357.0,Tshirts,Tank Top,4.0,54.45,217.8
2eb918c4-6422-475f-98b4-3f73ce7391b4,Qatar,2025-03-31,9990.0,Water bottles,Smart,1.0,42.27,42.27
9af78021-f83d-4518-a953-aa5ad00d5eb3,Qatar,2024-05-22,9166.0,Perfumes,Spicy,6.0,48.14,288.84
bc7f9bc8-99f6-4c9a-90e2-b159cc8435ef,Qatar,2024-12-31,2172.0,Tshirts,Cotton Tee,6.0,24.27,145.62
dd35585c-41eb-4f3f-a25f-1e36395d1855,Qatar,2025-01-12,6719.0,Perfumes,Floral,2.0,50.5,101.0
0d5a9251-89f1-41a9-a10f-bf9ebcdbaa37,Qatar,2024-10-11,6887.0,Shoes,Loafers,1.0,30.77,30.77
016c357c-41e3-4824-84e6-d4c04f303331,Qatar,2024-06-02,1222.0,Shoes,Sneakers,10.0,24.23,242.3
0993b531-4b36-4b33-a3b3-a6340a4a90f4,Qatar,2024-05-22,6750.0,Water bottles,Smart,4.0,33.77,135.08
04d860ff-6802-4fa6-9c7c-f2ca2b9f13f4,Qatar,2024-08-31,3326.0,Smart Phone,iPhone,10.0,45.95,459.5
6cccbb4d-6574-4d05-8832-8efbdc13d1b4,Qatar,2024-07-05,1991.0,Tshirts,Full Sleeve,4.0,53.86,215.44
87c4a4b6-3142-4ec0-b758-2e221549ae7d,Qatar,2024-05-29,3898.0,Water bottles,Insulated,3.0,46.86,140.58
0f542f0a-5f74-4f45-a86a-82c5ae675096,Qatar,2024-12-16,6541.0,Tshirts,Tank Top,10.0,47.5,475.0
de366fb7-706e-4a67-8583-45acf0a94c5a,Qatar,2025-04-04,2157.0,Shoes,Boots,9.0,43.64,392.76
12374a03-41b8-45e0-bf4c-5f1bc6a03dd6,Qatar,2025-01-14,7345.0,Smart Phone,Pixel,7.0,42.82,299.74
c533d06e-d18d-4cf9-b04e-0cd1e0cac955,Qatar,2025-04-02,2992.0,Shoes,Loafers,9.0,23.09,207.81
78c88915-66e9-4257-b564-9ecc957cfc83,Qatar,2024-06-05,6034.0,Perfumes,Fresh,3.0,27.0,81.0
69cdb08d-1982-452f-a031-57f5f6a1f72e,Qatar,2024-11-28,7871.0,Water bottles,Insulated,5.0,42.95,214.75
f2c7530c-c2d6-43a7-9d8f-af30486946c5,Qatar,2025-01-18,9275.0,Jeans,Relaxed,5.0,41.91,209.55
2e155a39-c254-4b40-a70e-695a9b605d6f,Qatar,2024-08-19,9331.0,Tshirts,V-neck,9.0,44.27,398.43
dde75749-113b-436a-85cc-0e88e50d2706,Qatar,2024-06-17,5904.0,Water bottles,Plastic,10.0,45.73,457.3
ebbb547d-e8d4-43a2-87bf-f1a5f8ae4471,Qatar,2024-12-23,5738.0,Smart Phone,iPhone,10.0,43.27,432.7
ccf0e45f-d7ce-443d-bdcf-b7d38f731751,Qatar,2024-11-25,4996.0,Shoes,Sports Shoes,9.0,27.05,243.45
