SaleId,Category,Product,Qty,Sale,Country,Amount,INR_Amount
IN-0282,Shoes,Adidas Shoes,3,757.0,India,2271.0,2271.0
JP0042,Water bottles,Bottle1,5,7465.52,Japan,37327.600000000006,21276.732
JP0081,Water bottles,Bottle1,14,23413.79,Japan,327793.06,186842.04419999997
JP0098,Water bottles,Bottle1,15,21439.66,Japan,321594.9,183309.093
HK0083,Water bottles,Bottle1,18,1903.75,HongKong,34267.5,374543.77499999997
HK0097,Water bottles,Bottle1,9,578.04,HongKong,5202.36,56861.794799999996
HK0131,Water bottles,Bottle1,10,659.65,HongKong,6596.5,72099.745
HK0155,Water bottles,Bottle1,3,269.53,HongKong,808.58999999999992,8837.8887
OM0033,Water bottles,Bottle1,8,24.27,Oman,194.16,41849.246399999996
OM0040,Water bottles,Bottle1,17,77.61,Oman,1319.37,284377.00979999994
NO0097,Water bottles,Bottle1,17,1255.38,Norway,21341.460000000003,175213.38660000003
NO0161,Water bottles,Bottle1,6,790.77,Norway,4744.62,38953.330200000004
DE0022,Water bottles,Bottle1,11,99.73,Germany,1097.03,98008.6602
DE0078,Water bottles,Bottle1,3,30.96,Germany,92.88,8297.8992
DE0096,Water bottles,Bottle1,18,101.47,Germany,1826.46,163175.9364
DE0107,Water bottles,Bottle1,13,104.31,Germany,1356.03,121147.7202
DE0134,Water bottles,Bottle1,18,133.34,Germany,2400.12,214426.7208
QA0034,Water bottles,Bottle1,4,195.1,Qatar,780.4,17847.748
QA0085,Water bottles,Bottle1,18,624.65,Qatar,11243.699999999999,257143.419
QA0087,Water bottles,Bottle1,19,918.44,Qatar,17450.36,399089.7332
JP0101,Water bottles,Bottle2,2,3268.97,Japan,6537.94,3726.6257999999993
OM0050,Water bottles,Bottle2,18,52.45,Oman,944.1,203491.31399999998
OM0129,Water bottles,Bottle2,19,56.5,Oman,1073.5,231382.19
OM0175,Water bottles,Bottle2,20,56.69,Oman,1133.8,244379.25199999998
NO0063,Water bottles,Bottle2,1,103.21,Norway,103.21,847.3541
NO0087,Water bottles,Bottle2,13,1775.0,Norway,23075.0,189445.75000000003
NO0108,Water bottles,Bottle2,10,1498.72,Norway,14987.2,123044.91200000003
DE0043,Water bottles,Bottle2,5,32.11,Germany,160.55,14343.537000000002
DE0064,Water bottles,Bottle2,16,186.48,Germany,2983.68,266561.97119999997
DE0082,Water bottles,Bottle2,20,139.41,Germany,2788.2,249097.788
DE0124,Water bottles,Bottle2,7,90.61,Germany,634.27,56665.6818
DE0194,Water bottles,Bottle2,19,166.94,Germany,3171.86,283373.9724
QA0098,Water bottles,Bottle2,9,359.92,Qatar,3239.28,74082.333600000013
JP0056,Water bottles,Bottle3,12,20379.31,Japan,244551.72000000003,139394.4804
HK0054,Water bottles,Bottle3,7,555.26,HongKong,3886.8199999999997,42482.942599999995
OM0014,Water bottles,Bottle3,15,44.12,Oman,661.8,142644.37199999997
OM0170,Water bottles,Bottle3,20,89.64,Oman,1792.8,386420.11199999996
NO0032,Water bottles,Bottle3,2,206.41,Norway,412.82,3389.2522000000004
NO0037,Water bottles,Bottle3,10,870.51,Norway,8705.1,71468.871000000014
NO0043,Water bottles,Bottle3,8,1213.33,Norway,9706.64,79691.5144
NO0171,Water bottles,Bottle3,20,3046.15,Norway,60923.0,500177.83000000007
DE0009,Water bottles,Bottle3,19,143.73,Germany,2730.87,243975.9258
DE0080,Water bottles,Bottle3,9,53.86,Germany,484.74,43306.6716
DE0091,Water bottles,Bottle3,4,25.73,Germany,102.92,9194.872800000001
DE0159,Water bottles,Bottle3,17,152.99,Germany,2600.83,232358.1522
QA0122,Water bottles,Bottle3,17,638.99,Qatar,10862.83,248432.9221
QA0147,Water bottles,Bottle3,5,239.07,Qatar,1195.35,27337.6545
JP0016,Water bottles,Bottle4,10,19327.59,Japan,193275.9,110167.26299999999
JP0049,Water bottles,Bottle4,3,4287.93,Japan,12863.79,7332.3603
JP0079,Water bottles,Bottle4,6,9196.55,Japan,55179.299999999996,31452.200999999994
JP0143,Water bottles,Bottle4,6,5834.48,Japan,35006.88,19953.921599999998
HK0002,Water bottles,Bottle4,10,494.05,HongKong,4940.5,53999.665
HK0005,Water bottles,Bottle4,5,467.98,HongKong,2339.9,25575.107
HK0013,Water bottles,Bottle4,14,787.74,HongKong,11028.36,120539.9748
HK0026,Water bottles,Bottle4,13,689.84,HongKong,8967.92,98019.3656
HK0033,Water bottles,Bottle4,4,429.64,HongKong,1718.56,18783.8608
HK0126,Water bottles,Bottle4,16,1616.1,HongKong,25857.6,282623.56799999997
OM0013,Water bottles,Bottle4,10,34.94,Oman,349.4,75309.675999999992
OM0045,Water bottles,Bottle4,11,34.24,Oman,376.64000000000004,81180.9856
OM0060,Water bottles,Bottle4,18,94.12,Oman,1694.16,365159.2464
OM0157,Water bottles,Bottle4,17,69.96,Oman,1189.32,256346.0328
OM0161,Water bottles,Bottle4,10,28.76,Oman,287.6,61989.304000000004
NO0090,Water bottles,Bottle4,11,1239.62,Norway,13635.82,111950.0822
NO0149,Water bottles,Bottle4,18,2003.08,Norway,36055.44,296015.16240000003
NO0185,Water bottles,Bottle4,18,2157.69,Norway,38838.42,318863.4282
DE0103,Water bottles,Bottle4,7,42.05,Germany,294.34999999999997,26297.229
DE0158,Water bottles,Bottle4,1,10.02,Germany,10.02,895.1868
DE0190,Water bottles,Bottle4,11,122.04,Germany,1342.44,119933.5896
QA0008,Water bottles,Bottle4,8,175.52,Qatar,1404.16,32113.139200000005
HK0084,Water bottles,Bottle5,3,157.55,HongKong,472.65000000000003,5166.0645
HK0093,Water bottles,Bottle5,5,314.73,HongKong,1573.65,17199.9945
HK0129,Water bottles,Bottle5,2,101.92,HongKong,203.84,2227.9712
HK0134,Water bottles,Bottle5,9,699.91,HongKong,6299.19,68850.1467
HK0160,Water bottles,Bottle5,10,488.56,HongKong,4885.6,53399.608
OM0042,Water bottles,Bottle5,17,59.86,Oman,1017.62,219337.8148
OM0073,Water bottles,Bottle5,14,74.89,Oman,1048.46,225985.0684
OM0171,Water bottles,Bottle5,12,33.13,Oman,397.56000000000006,85690.082400000014
NO0030,Water bottles,Bottle5,8,696.41,Norway,5571.28,45740.2088
NO0045,Water bottles,Bottle5,10,1479.49,Norway,14794.9,121466.12900000002
NO0096,Water bottles,Bottle5,16,2164.1,Norway,34625.6,284276.17600000004
NO0150,Water bottles,Bottle5,20,1566.67,Norway,31333.4,257247.21400000004
NO0154,Water bottles,Bottle5,18,2206.15,Norway,39710.700000000004,326024.84700000007
DE0038,Water bottles,Bottle5,12,105.97,Germany,1271.6399999999999,113608.3176
DE0121,Water bottles,Bottle5,13,75.18,Germany,977.34000000000015,87315.555600000022
QA0038,Water bottles,Bottle5,8,210.14,Qatar,1681.12,38447.2144
QA0160,Water bottles,Bottle5,9,431.51,Qatar,3883.59,88817.703300000008
QA0189,Water bottles,Bottle5,9,371.33,Qatar,3341.97,76430.8539
QA0196,Water bottles,Bottle5,7,247.2,Qatar,1730.3999999999999,39574.248
JP0002,Water bottles,Bottle6,10,10206.9,Japan,102069.0,58179.329999999994
JP0037,Water bottles,Bottle6,20,19000.0,Japan,380000.0,216599.99999999997
JP0053,Water bottles,Bottle6,18,29172.41,Japan,525103.38,299308.92659999995
JP0065,Water bottles,Bottle6,9,10613.79,Japan,95524.110000000015,54448.7427
JP0068,Water bottles,Bottle6,1,1798.28,Japan,1798.28,1025.0195999999999
HK0047,Water bottles,Bottle6,18,1161.02,HongKong,20898.36,228419.0748
HK0099,Water bottles,Bottle6,8,578.96,HongKong,4631.68,50624.2624
HK0154,Water bottles,Bottle6,2,164.32,HongKong,328.64,3592.0352
OM0088,Water bottles,Bottle6,19,97.76,Oman,1857.44,400352.6176
OM0091,Water bottles,Bottle6,20,106.62,Oman,2132.4,459617.496
OM0116,Water bottles,Bottle6,12,28.89,Oman,346.68,74723.4072
NO0084,Water bottles,Bottle6,18,2284.62,Norway,41123.159999999996,337621.1436
NO0104,Water bottles,Bottle6,14,1093.08,Norway,15303.119999999999,125638.6152
NO0176,Water bottles,Bottle6,6,770.0,Norway,4620.0,37930.200000000004
NO0199,Water bottles,Bottle6,12,1610.77,Norway,19329.239999999998,158693.0604
DE0031,Water bottles,Bottle6,2,16.18,Germany,32.36,2891.0424000000003
DE0067,Water bottles,Bottle6,6,73.36,Germany,440.15999999999997,39323.8944
DE0076,Water bottles,Bottle6,19,219.75,Germany,4175.25,373016.835
DE0137,Water bottles,Bottle6,11,75.45,Germany,829.95,74147.733000000007
DE0182,Water bottles,Bottle6,5,41.63,Germany,208.15,18596.121000000003
QA0051,Water bottles,Bottle6,3,84.7,Qatar,254.10000000000002,5811.2670000000007
QA0092,Water bottles,Bottle6,17,809.88,Qatar,13767.96,314873.2452
QA0154,Water bottles,Bottle6,15,454.33,Qatar,6814.95,155857.9065
JP0127,Jeans,Jeans1,11,22094.83,Japan,243043.13,138534.58409999998
JP0165,Jeans,Jeans1,15,24698.28,Japan,370474.19999999995,211170.29399999997
SL1027,Jeans,Jeans1,5,3425.55,SriLanka,17127.75,4281.9375
SL1034,Jeans,Jeans1,4,2825.24,SriLanka,11300.96,2825.24
SL1046,Jeans,Jeans1,8,7700.88,SriLanka,61607.04,15401.76
SL1091,Jeans,Jeans1,5,3280.3500000000004,SriLanka,16401.75,4100.4375
SL1096,Jeans,Jeans1,9,6852.78,SriLanka,61675.02,15418.755
SL1138,Jeans,Jeans1,7,5731.88,SriLanka,40123.16,10030.79
SL1178,Jeans,Jeans1,8,7946.24,SriLanka,63569.92,15892.48
OM0008,Jeans,Jeans1,5,27.3,Oman,136.5,29421.21
OM0063,Jeans,Jeans1,7,32.38,Oman,226.66000000000003,48854.296400000007
DE0104,Jeans,Jeans1,19,212.93,Germany,4045.67,361440.15780000004
DE0112,Jeans,Jeans1,6,54.73,Germany,328.38,29337.4692
DE0117,Jeans,Jeans1,19,179.5,Germany,3410.5,304694.07
DE0175,Jeans,Jeans1,1,11.57,Germany,11.57,1033.6638
QA0019,Jeans,Jeans1,20,923.08,Qatar,18461.600000000002,422216.79200000007
QA0030,Jeans,Jeans1,14,354.28,Qatar,4959.92,113433.3704
QA0059,Jeans,Jeans1,4,99.48,Qatar,397.92,9100.4304000000011
QA0099,Jeans,Jeans1,5,115.38,Qatar,576.9,13193.703
QA0155,Jeans,Jeans1,8,187.41,Qatar,1499.28,34288.5336
QA0194,Jeans,Jeans1,1,23.03,Qatar,23.03,526.6961
JP0071,Jeans,Jeans2,20,41034.48,Japan,820689.60000000009,467793.072
JP0112,Jeans,Jeans2,5,6913.79,Japan,34568.95,19704.301499999998
SL1044,Jeans,Jeans2,6,3415.32,SriLanka,20491.920000000002,5122.9800000000005
SL1079,Jeans,Jeans2,3,3099.3599999999997,SriLanka,9298.0799999999981,2324.5199999999995
SL1114,Jeans,Jeans2,7,6338.6399999999994,SriLanka,44370.479999999996,11092.619999999999
SL1120,Jeans,Jeans2,10,8337.3,SriLanka,83373.0,20843.25
SL1130,Jeans,Jeans2,5,4345.75,SriLanka,21728.75,5432.1875
SL1182,Jeans,Jeans2,3,3395.7300000000005,SriLanka,10187.190000000002,2546.7975000000006
HK0124,Jeans,Jeans2,12,1291.13,HongKong,15493.560000000001,169344.61080000002
OM0082,Jeans,Jeans2,11,39.91,Oman,439.01,94624.2154
OM0097,Jeans,Jeans2,11,50.37,Oman,554.06999999999994,119424.24779999998
JP0077,Jeans,Jeans3,7,9184.48,Japan,64291.36,36646.0752
JP0106,Jeans,Jeans3,3,4437.93,Japan,13313.79,7588.8603
JP0118,Jeans,Jeans3,16,24165.52,Japan,386648.32,220389.54239999998
JP0132,Jeans,Jeans3,4,5131.03,Japan,20524.12,11698.748399999999
JP0147,Jeans,Jeans3,12,24227.59,Japan,290731.08,165716.7156
JP0168,Jeans,Jeans3,17,18289.66,Japan,310924.22,177226.80539999998
JP0176,Jeans,Jeans3,6,8586.21,Japan,51517.259999999995,29364.838199999995
SL1013,Jeans,Jeans3,5,4344.45,SriLanka,21722.25,5430.5625
SL1019,Jeans,Jeans3,4,3634.0,SriLanka,14536.0,3634.0
SL1077,Jeans,Jeans3,5,4930.6,SriLanka,24653.0,6163.25
SL1184,Jeans,Jeans3,4,3143.68,SriLanka,12574.72,3143.68
HK0001,Jeans,Jeans3,17,1346.94,HongKong,22897.98,250274.9214
HK0107,Jeans,Jeans3,3,142.45,HongKong,427.34999999999997,4670.9355
HK0143,Jeans,Jeans3,16,856.36,HongKong,13701.76,149760.23679999998
HK0157,Jeans,Jeans3,3,245.11,HongKong,735.33,8037.1569
OM0104,Jeans,Jeans3,12,45.21,Oman,542.52,116934.76079999999
NO0077,Jeans,Jeans3,13,1750.0,Norway,22750.0,186777.50000000003
NO0085,Jeans,Jeans3,10,917.95,Norway,9179.5,75363.695
NO0172,Jeans,Jeans3,4,416.41,Norway,1665.64,13674.904400000003
DE0029,Jeans,Jeans3,13,162.01,Germany,2106.13,188161.65420000002
QA0095,Jeans,Jeans3,15,489.07,Qatar,7336.05,167775.4635
JP0034,Jeans,Jeans4,15,22525.86,Japan,337887.9,192596.103
SL1024,Jeans,Jeans4,3,3211.59,SriLanka,9634.77,2408.6925
SL1089,Jeans,Jeans4,1,841.66,SriLanka,841.66,210.415
SL1129,Jeans,Jeans4,3,2889.5099999999998,SriLanka,8668.5299999999988,2167.1324999999997
SL1137,Jeans,Jeans4,3,2585.16,SriLanka,7755.48,1938.87
SL1155,Jeans,Jeans4,5,4493.25,SriLanka,22466.25,5616.5625
SL1159,Jeans,Jeans4,9,6479.0999999999995,SriLanka,58311.899999999994,14577.974999999999
HK0113,Jeans,Jeans4,6,592.31,HongKong,3553.8599999999997,38843.689799999993
HK0115,Jeans,Jeans4,8,563.59,HongKong,4508.72,49280.3096
HK0125,Jeans,Jeans4,11,999.36,HongKong,10992.960000000001,120153.0528
HK0177,Jeans,Jeans4,7,478.41,HongKong,3348.8700000000003,36603.1491
OM0143,Jeans,Jeans4,13,67.67,Oman,879.71,189612.6934
OM0151,Jeans,Jeans4,15,70.43,Oman,1056.45,227707.233
DE0139,Jeans,Jeans4,8,88.04,Germany,704.32,62923.948800000006
QA0117,Jeans,Jeans4,13,512.5,Qatar,6662.5,152371.375
QA0176,Jeans,Jeans4,14,331.03,Qatar,4634.42,105989.1854
QA0195,Jeans,Jeans4,5,206.73,Qatar,1033.6499999999999,23639.5755
JP0043,Jeans,Jeans5,11,12858.62,Japan,141444.82,80623.5474
SL1075,Jeans,Jeans5,9,5989.32,SriLanka,53903.88,13475.97
SL1104,Jeans,Jeans5,8,5897.52,SriLanka,47180.16,11795.04
SL1117,Jeans,Jeans5,9,4767.3,SriLanka,42905.700000000004,10726.425000000001
SL1128,Jeans,Jeans5,10,6618.8,SriLanka,66188.0,16547.0
SL1158,Jeans,Jeans5,6,5994.0599999999995,SriLanka,35964.36,8991.09
HK0022,Jeans,Jeans5,20,935.04,HongKong,18700.8,204399.74399999998
HK0094,Jeans,Jeans5,9,508.05,HongKong,4572.45,49976.8785
HK0176,Jeans,Jeans5,9,987.28,HongKong,8885.52,97118.7336
HK0191,Jeans,Jeans5,5,275.39,HongKong,1376.9499999999998,15050.063499999998
OM0066,Jeans,Jeans5,3,9.92,Oman,29.759999999999998,6414.4703999999992
OM0078,Jeans,Jeans5,18,73.82,Oman,1328.7599999999998,286400.93039999995
OM0101,Jeans,Jeans5,20,69.41,Oman,1388.1999999999998,299212.62799999997
OM0123,Jeans,Jeans5,9,47.6,Oman,428.40000000000003,92337.33600000001
NO0071,Jeans,Jeans5,10,1396.15,Norway,13961.5,114623.91500000001
NO0182,Jeans,Jeans5,10,1241.03,Norway,12410.3,101888.56300000001
NO0189,Jeans,Jeans5,5,455.77,Norway,2278.85,18709.358500000002
DE0032,Jeans,Jeans5,1,13.18,Germany,13.18,1177.5012
DE0120,Jeans,Jeans5,2,13.49,Germany,26.98,2410.3932
DE0150,Jeans,Jeans5,5,51.94,Germany,259.7,23201.597999999998
QA0015,Jeans,Jeans5,2,72.29,Qatar,144.58,3306.5446000000006
QA0035,Jeans,Jeans5,7,362.85,Qatar,2539.9500000000003,58088.656500000012
JP0109,Jeans,Jeans6,17,34029.31,Japan,578498.27,329744.01389999996
JP0115,Jeans,Jeans6,20,32689.66,Japan,653793.2,372662.12399999995
SL1043,Jeans,Jeans6,5,4056.5,SriLanka,20282.5,5070.625
SL1078,Jeans,Jeans6,5,4872.7999999999993,SriLanka,24363.999999999996,6090.9999999999991
SL1081,Jeans,Jeans6,3,2542.5299999999997,SriLanka,7627.5899999999992,1906.8974999999998
SL1083,Jeans,Jeans6,4,3521.8,SriLanka,14087.2,3521.8
SL1093,Jeans,Jeans6,5,5269.3499999999995,SriLanka,26346.749999999996,6586.6874999999991
SL1095,Jeans,Jeans6,5,5779.85,SriLanka,28899.25,7224.8125
SL1131,Jeans,Jeans6,9,10080.99,SriLanka,90728.91,22682.2275
SL1172,Jeans,Jeans6,9,8676.36,SriLanka,78087.24,19521.81
HK0014,Jeans,Jeans6,2,110.89,HongKong,221.78,2424.0553999999997
HK0061,Jeans,Jeans6,17,1378.04,HongKong,23426.68,256053.61239999998
HK0092,Jeans,Jeans6,12,1012.26,HongKong,12147.119999999999,132768.02159999998
HK0095,Jeans,Jeans6,19,1846.11,HongKong,35076.09,383381.6637
HK0127,Jeans,Jeans6,14,959.38,HongKong,13431.32,146804.3276
OM0107,Jeans,Jeans6,3,7.72,Oman,23.16,4991.9064
OM0131,Jeans,Jeans6,19,72.72,Oman,1381.68,297807.3072
NO0049,Jeans,Jeans6,20,2661.54,Norway,53230.8,437024.86800000007
NO0066,Jeans,Jeans6,4,603.08,Norway,2412.32,19805.147200000003
NO0073,Jeans,Jeans6,17,2011.67,Norway,34198.39,280768.7819
NO0146,Jeans,Jeans6,10,971.79,Norway,9717.9,79783.959
NO0151,Jeans,Jeans6,12,1787.69,Norway,21452.28,176123.2188
NO0194,Jeans,Jeans6,11,1681.03,Norway,18491.329999999998,151813.8193
DE0093,Jeans,Jeans6,1,13.22,Germany,13.22,1181.0748
DE0109,Jeans,Jeans6,19,122.01,Germany,2318.19,207107.0946
DE0119,Jeans,Jeans6,12,127.63,Germany,1531.56,136829.5704
QA0077,Jeans,Jeans6,10,247.81,Qatar,2478.1,56674.147
IN-0076,Shoes,Nike Shoes,6,757.0,India,4542.0,4542.0
IN-0169,Shoes,Nike Shoes,2,757.0,India,1514.0,1514.0
JP0001,Perfumes,Perfume1,20,25517.24,Japan,510344.80000000005,290896.536
JP0046,Perfumes,Perfume1,15,29198.28,Japan,437974.19999999995,249645.29399999997
SL1045,Perfumes,Perfume1,9,7991.4600000000009,SriLanka,71923.140000000014,17980.785000000003
SL1056,Perfumes,Perfume1,1,814.63,SriLanka,814.63,203.6575
SL1090,Perfumes,Perfume1,9,8911.619999999999,SriLanka,80204.579999999987,20051.144999999997
SL1122,Perfumes,Perfume1,7,4946.06,SriLanka,34622.420000000006,8655.6050000000014
SL1177,Perfumes,Perfume1,2,2396.92,SriLanka,4793.84,1198.46
SL1194,Perfumes,Perfume1,5,3490.05,SriLanka,17450.25,4362.5625
HK0067,Perfumes,Perfume1,17,1438.7,HongKong,24457.9,267324.847
HK0122,Perfumes,Perfume1,17,1477.58,HongKong,25118.86,274549.1398
HK0171,Perfumes,Perfume1,16,1118.39,HongKong,17894.24,195584.04320000001
OM0119,Perfumes,Perfume1,6,28.17,Oman,169.02,36430.5708
OM0198,Perfumes,Perfume1,16,51.52,Oman,824.32,177673.9328
NO0083,Perfumes,Perfume1,3,423.46,Norway,1270.3799999999999,10429.8198
NO0112,Perfumes,Perfume1,8,1107.69,Norway,8861.52,72753.079200000007
NO0144,Perfumes,Perfume1,15,1823.08,Norway,27346.199999999997,224512.302
DE0101,Perfumes,Perfume1,13,117.43,Germany,1526.5900000000001,136385.55060000002
QA0002,Perfumes,Perfume1,5,177.01,Qatar,885.05,20241.0935
QA0039,Perfumes,Perfume1,17,517.13,Qatar,8791.21,201054.97269999998
JP0039,Perfumes,Perfume2,19,24175.86,Japan,459341.34,261824.5638
JP0050,Perfumes,Perfume2,3,4039.66,Japan,12118.98,6907.8186
JP0064,Perfumes,Perfume2,14,27106.9,Japan,379496.60000000003,216313.062
JP0090,Perfumes,Perfume2,3,5912.07,Japan,17736.21,10109.639699999998
JP0121,Perfumes,Perfume2,9,17937.93,Japan,161441.37,92021.580899999986
SL1005,Perfumes,Perfume2,1,776.7,SriLanka,776.7,194.175
SL1006,Perfumes,Perfume2,7,4963.21,SriLanka,34742.47,8685.6175
SL1031,Perfumes,Perfume2,9,5918.4000000000005,SriLanka,53265.600000000006,13316.400000000001
SL1052,Perfumes,Perfume2,2,2239.72,SriLanka,4479.44,1119.86
SL1150,Perfumes,Perfume2,9,9494.73,SriLanka,85452.569999999992,21363.142499999998
HK0037,Perfumes,Perfume2,7,577.68,HongKong,4043.7599999999998,44198.2968
HK0042,Perfumes,Perfume2,19,1096.89,HongKong,20840.910000000003,227791.14630000002
HK0090,Perfumes,Perfume2,4,184.81,HongKong,739.24,8079.8931999999995
OM0015,Perfumes,Perfume2,1,5.47,Oman,5.47,1179.0038
OM0081,Perfumes,Perfume2,10,37.44,Oman,374.4,80698.175999999992
OM0180,Perfumes,Perfume2,10,23.24,Oman,232.39999999999998,50091.495999999992
NO0132,Perfumes,Perfume2,13,1070.0,Norway,13910.0,114201.1
NO0143,Perfumes,Perfume2,19,2918.21,Norway,55445.99,455211.57790000003
DE0021,Perfumes,Perfume2,17,174.32,Germany,2963.44,264753.7296
DE0128,Perfumes,Perfume2,7,81.74,Germany,572.18,51118.5612
DE0146,Perfumes,Perfume2,19,125.2,Germany,2378.8,212521.99200000003
DE0178,Perfumes,Perfume2,10,85.85,Germany,858.5,76698.39
QA0024,Perfumes,Perfume2,7,283.61,Qatar,1985.27,45403.1249
JP0014,Perfumes,Perfume3,10,20241.38,Japan,202413.80000000002,115375.866
JP0019,Perfumes,Perfume3,5,6913.79,Japan,34568.95,19704.301499999998
JP0027,Perfumes,Perfume3,20,40103.45,Japan,802069.0,457179.32999999996
JP0061,Perfumes,Perfume3,12,22572.41,Japan,270868.92,154395.28439999997
JP0117,Perfumes,Perfume3,15,27051.72,Japan,405775.80000000005,231292.206
JP0164,Perfumes,Perfume3,16,17241.38,Japan,275862.08,157241.3856
JP0167,Perfumes,Perfume3,10,19879.31,Japan,198793.1,113312.067
JP0199,Perfumes,Perfume3,20,21758.62,Japan,435172.39999999997,248048.26799999995
SL1085,Perfumes,Perfume3,5,5392.1,SriLanka,26960.5,6740.125
SL1149,Perfumes,Perfume3,3,1854.4499999999998,SriLanka,5563.3499999999995,1390.8374999999999
SL1173,Perfumes,Perfume3,9,7649.19,SriLanka,68842.709999999992,17210.677499999998
SL1189,Perfumes,Perfume3,9,9048.869999999999,SriLanka,81439.829999999987,20359.957499999997
HK0179,Perfumes,Perfume3,5,284.54,HongKong,1422.7,15550.111
OM0058,Perfumes,Perfume3,20,76.83,Oman,1536.6,331198.76399999997
OM0136,Perfumes,Perfume3,20,103.0,Oman,2060.0,444012.39999999997
OM0166,Perfumes,Perfume3,20,51.03,Oman,1020.6,219980.124
NO0130,Perfumes,Perfume3,13,1330.0,Norway,17290.0,141950.90000000002
QA0037,Perfumes,Perfume3,12,530.77,Qatar,6369.24,145664.5188
QA0177,Perfumes,Perfume3,15,762.46,Qatar,11436.900000000001,261561.90300000005
JP0006,Perfumes,Perfume4,19,22079.31,Japan,419506.89,239118.92729999998
JP0099,Perfumes,Perfume4,17,16501.72,Japan,280529.24,159901.66679999998
JP0146,Perfumes,Perfume4,9,18031.03,Japan,162279.27,92499.183899999989
JP0172,Perfumes,Perfume4,14,15158.62,Japan,212220.68000000002,120965.7876
JP0182,Perfumes,Perfume4,20,34793.1,Japan,695862.0,396641.33999999997
SL1048,Perfumes,Perfume4,3,2438.13,SriLanka,7314.39,1828.5975
SL1059,Perfumes,Perfume4,10,5896.0,SriLanka,58960.0,14740.0
SL1119,Perfumes,Perfume4,1,907.77,SriLanka,907.77,226.9425
SL1174,Perfumes,Perfume4,10,10258.699999999999,SriLanka,102586.99999999999,25646.749999999996
HK0156,Perfumes,Perfume4,3,211.07,HongKong,633.21,6920.9853
OM0004,Perfumes,Perfume4,3,9.26,Oman,27.78,5987.7012
OM0017,Perfumes,Perfume4,5,25.63,Oman,128.15,27621.451
OM0025,Perfumes,Perfume4,13,40.23,Oman,522.99,112725.2646
OM0037,Perfumes,Perfume4,6,21.04,Oman,126.24,27209.7696
OM0158,Perfumes,Perfume4,2,7.82,Oman,15.64,3371.0456
OM0182,Perfumes,Perfume4,14,54.63,Oman,764.82,164849.3028
NO0014,Perfumes,Perfume4,11,1367.95,Norway,15047.45,123539.56450000002
NO0016,Perfumes,Perfume4,7,704.49,Norway,4931.43,40487.040300000008
NO0100,Perfumes,Perfume4,12,1741.54,Norway,20898.48,171576.52080000003
NO0110,Perfumes,Perfume4,2,173.08,Norway,346.16,2841.9736000000007
NO0120,Perfumes,Perfume4,11,1620.38,Norway,17824.18,146336.51780000003
NO0122,Perfumes,Perfume4,14,2146.67,Norway,30053.38,246738.24980000002
DE0028,Perfumes,Perfume4,11,117.73,Germany,1295.03,115697.9802
DE0034,Perfumes,Perfume4,7,93.9,Germany,657.30000000000007,58723.182000000008
DE0050,Perfumes,Perfume4,12,147.13,Germany,1765.56,157735.1304
DE0090,Perfumes,Perfume4,7,74.68,Germany,522.76,46703.3784
DE0152,Perfumes,Perfume4,16,172.68,Germany,2762.88,246835.69920000003
QA0063,Perfumes,Perfume4,15,524.48,Qatar,7867.2000000000007,179922.86400000003
QA0091,Perfumes,Perfume4,18,408.3,Qatar,7349.4000000000005,168080.77800000002
QA0094,Perfumes,Perfume4,19,858.65,Qatar,16314.35,373109.18450000003
JP0120,Perfumes,Perfume5,14,16993.1,Japan,237903.39999999997,135604.93799999997
JP0135,Perfumes,Perfume5,8,11006.9,Japan,88055.2,50191.463999999993
JP0138,Perfumes,Perfume5,17,26350.0,Japan,447950.0,255331.49999999997
JP0179,Perfumes,Perfume5,3,5720.69,Japan,17162.07,9782.3798999999981
SL1054,Perfumes,Perfume5,1,796.81,SriLanka,796.81,199.2025
SL1086,Perfumes,Perfume5,7,4660.95,SriLanka,32626.649999999998,8156.6624999999995
SL1161,Perfumes,Perfume5,9,8528.94,SriLanka,76760.46,19190.115
SL1168,Perfumes,Perfume5,2,1381.3,SriLanka,2762.6,690.65
HK0035,Perfumes,Perfume5,12,599.45,HongKong,7193.4000000000005,78623.862000000008
HK0068,Perfumes,Perfume5,13,1019.3,HongKong,13250.9,144832.337
HK0091,Perfumes,Perfume5,13,965.78,HongKong,12555.14,137227.6802
HK0161,Perfumes,Perfume5,17,1755.99,HongKong,29851.83,326280.50190000003
OM0083,Perfumes,Perfume5,18,49.77,Oman,895.86,193093.6644
OM0145,Perfumes,Perfume5,17,81.47,Oman,1384.99,298520.7446
OM0147,Perfumes,Perfume5,13,64.6,Oman,839.8,181010.49199999997
DE0007,Perfumes,Perfume5,17,135.46,Germany,2302.82,205733.93880000003
QA0021,Perfumes,Perfume5,12,269.06,Qatar,3228.7200000000003,73840.8264
QA0027,Perfumes,Perfume5,11,389.9,Qatar,4288.9,98087.143
QA0062,Perfumes,Perfume5,4,205.59,Qatar,822.36,18807.3732
QA0065,Perfumes,Perfume5,1,41.08,Qatar,41.08,939.4996
QA0169,Perfumes,Perfume5,13,515.91,Qatar,6706.83,153385.2021
SL1021,Perfumes,Perfume6,8,6383.92,SriLanka,51071.36,12767.84
SL1050,Perfumes,Perfume6,3,3341.3999999999996,SriLanka,10024.199999999999,2506.0499999999997
SL1066,Perfumes,Perfume6,10,7089.0,SriLanka,70890.0,17722.5
SL1099,Perfumes,Perfume6,5,5855.7000000000007,SriLanka,29278.500000000004,7319.6250000000009
SL1183,Perfumes,Perfume6,1,614.02,SriLanka,614.02,153.505
HK0078,Perfumes,Perfume6,14,841.54,HongKong,11781.56,128772.45079999999
HK0200,Perfumes,Perfume6,18,1302.65,HongKong,23447.7,256283.361
OM0062,Perfumes,Perfume6,3,8.8,Oman,26.400000000000002,5690.256
OM0072,Perfumes,Perfume6,8,39.75,Oman,318.0,68541.72
OM0094,Perfumes,Perfume6,8,20.45,Oman,163.6,35262.344
OM0126,Perfumes,Perfume6,20,86.02,Oman,1720.3999999999999,370815.01599999995
OM0159,Perfumes,Perfume6,5,15.03,Oman,75.149999999999991,16197.830999999998
OM0176,Perfumes,Perfume6,17,78.48,Oman,1334.16,287564.8464
NO0024,Perfumes,Perfume6,19,1822.05,Norway,34618.95,284221.5795
NO0042,Perfumes,Perfume6,19,1868.33,Norway,35498.27,291440.7967
NO0069,Perfumes,Perfume6,2,139.74,Norway,279.48,2294.5308000000005
NO0123,Perfumes,Perfume6,13,1888.33,Norway,24548.29,201541.46090000003
NO0183,Perfumes,Perfume6,16,2227.69,Norway,35643.04,292629.3584
NO0192,Perfumes,Perfume6,4,472.31,Norway,1889.24,15510.660400000002
DE0126,Perfumes,Perfume6,2,22.66,Germany,45.32,4048.8888
DE0156,Perfumes,Perfume6,19,205.48,Germany,3904.12,348794.0808
QA0014,Perfumes,Perfume6,19,635.27,Qatar,12070.13,276043.87309999997
QA0061,Perfumes,Perfume6,11,389.42,Qatar,4283.62,97966.3894
QA0141,Perfumes,Perfume6,15,334.35,Qatar,5015.25,114698.7675
JP0030,Smart Phone,Phone1,4,7241.38,Japan,28965.52,16510.3464
JP0100,Smart Phone,Phone1,11,19268.97,Japan,211958.67,120816.44189999999
JP0160,Smart Phone,Phone1,19,34134.48,Japan,648555.12000000011,369676.4184
HK0055,Smart Phone,Phone1,20,2126.26,HongKong,42525.200000000004,464800.43600000005
HK0199,Smart Phone,Phone1,12,1196.71,HongKong,14360.52,156960.4836
OM0010,Smart Phone,Phone1,4,18.26,Oman,73.04,15743.0416
OM0038,Smart Phone,Phone1,4,16.59,Oman,66.36,14303.2344
OM0106,Smart Phone,Phone1,8,32.74,Oman,261.92,56454.2368
OM0165,Smart Phone,Phone1,20,69.59,Oman,1391.8000000000002,299988.57200000004
OM0195,Smart Phone,Phone1,16,65.32,Oman,1045.12,225265.16479999997
NO0054,Smart Phone,Phone1,15,1971.15,Norway,29567.25,242747.12250000003
DE0060,Smart Phone,Phone1,5,43.93,Germany,219.65,19623.531000000003
DE0088,Smart Phone,Phone1,16,201.55,Germany,3224.8,288103.63200000004
DE0122,Smart Phone,Phone1,1,7.65,Germany,7.65,683.451
QA0025,Smart Phone,Phone1,4,90.38,Qatar,361.52,8267.9624
QA0067,Smart Phone,Phone1,2,93.53,Qatar,187.06,4278.0622
JP0187,Smart Phone,Phone2,12,17089.66,Japan,205075.91999999998,116893.27439999998
HK0052,Smart Phone,Phone2,2,128.82,HongKong,257.64,2816.0051999999996
HK0059,Smart Phone,Phone2,12,766.33,HongKong,9195.9600000000009,100511.84280000001
HK0087,Smart Phone,Phone2,18,1052.33,HongKong,18941.94,207035.4042
OM0039,Smart Phone,Phone2,2,9.01,Oman,18.02,3884.0307999999995
OM0141,Smart Phone,Phone2,7,18.41,Oman,128.87,27776.6398
NO0003,Smart Phone,Phone2,20,2141.03,Norway,42820.600000000006,351557.12600000011
NO0095,Smart Phone,Phone2,12,989.23,Norway,11870.76,97458.939600000012
NO0163,Smart Phone,Phone2,13,1150.0,Norway,14950.0,122739.50000000001
NO0200,Smart Phone,Phone2,14,1805.64,Norway,25278.960000000003,207540.26160000006
DE0089,Smart Phone,Phone2,16,116.01,Germany,1856.16,165829.33440000002
DE0153,Smart Phone,Phone2,3,30.8,Germany,92.4,8255.0160000000014
DE0157,Smart Phone,Phone2,13,128.06,Germany,1664.78,148731.44520000002
DE0172,Smart Phone,Phone2,7,62.76,Germany,439.32,39248.8488
QA0010,Smart Phone,Phone2,16,369.93,Qatar,5918.88,135364.7856
QA0132,Smart Phone,Phone2,9,216.35,Qatar,1947.1499999999999,44531.3205
QA0139,Smart Phone,Phone2,14,323.69,Qatar,4531.66,103639.06420000001
JP0010,Smart Phone,Phone3,18,17844.83,Japan,321206.94000000006,183087.95580000003
JP0015,Smart Phone,Phone3,1,1931.03,Japan,1931.03,1100.6870999999999
JP0022,Smart Phone,Phone3,11,18567.24,Japan,204239.64,116416.59479999999
JP0060,Smart Phone,Phone3,14,19165.52,Japan,268317.28,152940.84960000002
JP0122,Smart Phone,Phone3,18,31903.45,Japan,574262.1,327329.39699999994
HK0016,Smart Phone,Phone3,20,2195.79,HongKong,43915.8,479999.694
HK0142,Smart Phone,Phone3,19,1625.34,HongKong,30881.46,337534.3578
HK0173,Smart Phone,Phone3,17,1196.07,HongKong,20333.19,222241.76669999998
OM0035,Smart Phone,Phone3,15,58.32,Oman,874.8,188554.392
OM0150,Smart Phone,Phone3,20,95.48,Oman,1909.6000000000001,411595.184
OM0153,Smart Phone,Phone3,15,47.53,Oman,712.95,153669.24300000002
NO0008,Smart Phone,Phone3,19,1344.62,Norway,25547.78,209747.27380000002
NO0011,Smart Phone,Phone3,14,1654.87,Norway,23168.18,190210.75780000002
NO0035,Smart Phone,Phone3,7,752.05,Norway,5264.3499999999995,43220.3135
NO0040,Smart Phone,Phone3,8,786.67,Norway,6293.36,51668.4856
NO0058,Smart Phone,Phone3,3,219.23,Norway,657.68999999999994,5399.6349
NO0113,Smart Phone,Phone3,2,307.69,Norway,615.38,5052.2698000000009
DE0160,Smart Phone,Phone3,20,130.45,Germany,2609.0,233088.06
DE0162,Smart Phone,Phone3,15,146.92,Germany,2203.7999999999997,196887.49199999997
DE0189,Smart Phone,Phone3,19,229.54,Germany,4361.26,389634.9684
QA0076,Smart Phone,Phone3,2,65.82,Qatar,131.64,3010.6068
QA0167,Smart Phone,Phone3,19,594.58,Qatar,11297.02,258362.84740000003
QA0181,Smart Phone,Phone3,19,883.57,Qatar,16787.83,383937.67210000008
JP0073,Smart Phone,Phone4,9,15889.66,Japan,143006.94,81513.9558
HK0136,Smart Phone,Phone4,5,236.05,HongKong,1180.25,12900.1325
OM0163,Smart Phone,Phone4,18,93.7,Oman,1686.6000000000001,363529.764
NO0055,Smart Phone,Phone4,19,2611.28,Norway,49614.320000000007,407333.56720000011
NO0061,Smart Phone,Phone4,3,449.62,Norway,1348.8600000000001,11074.140600000002
NO0070,Smart Phone,Phone4,8,571.28,Norway,4570.24,37521.6704
NO0131,Smart Phone,Phone4,3,417.31,Norway,1251.93,10278.3453
NO0174,Smart Phone,Phone4,20,2789.74,Norway,55794.799999999996,458075.308
NO0196,Smart Phone,Phone4,3,350.77,Norway,1052.31,8639.4651000000013
DE0001,Smart Phone,Phone4,17,96.02,Germany,1632.34,145833.2556
DE0072,Smart Phone,Phone4,11,73.84,Germany,812.24,72565.521600000007
DE0148,Smart Phone,Phone4,9,94.61,Germany,851.49,76072.116600000008
QA0043,Smart Phone,Phone4,7,280.55,Qatar,1963.8500000000001,44913.249500000005
QA0052,Smart Phone,Phone4,19,558.04,Qatar,10602.759999999998,242485.12119999997
QA0158,Smart Phone,Phone4,4,109.44,Qatar,437.76,10011.5712
JP0008,Smart Phone,Phone5,5,8379.31,Japan,41896.549999999996,23881.033499999994
JP0102,Smart Phone,Phone5,17,25558.62,Japan,434496.54,247663.02779999995
JP0134,Smart Phone,Phone5,18,35596.55,Japan,640737.9,365220.603
JP0175,Smart Phone,Phone5,2,3551.72,Japan,7103.44,4048.9607999999994
HK0133,Smart Phone,Phone5,5,520.59,HongKong,2602.9500000000003,28450.2435
HK0135,Smart Phone,Phone5,19,1277.68,HongKong,24275.920000000002,265335.8056
HK0164,Smart Phone,Phone5,7,365.05,HongKong,2555.35,27929.975499999997
OM0099,Smart Phone,Phone5,14,41.44,Oman,580.16,125047.68639999999
OM0120,Smart Phone,Phone5,1,3.49,Oman,3.49,752.2346
OM0148,Smart Phone,Phone5,2,7.4,Oman,14.8,3189.992
NO0007,Smart Phone,Phone5,10,1424.36,Norway,14243.599999999999,116939.956
NO0050,Smart Phone,Phone5,12,1656.92,Norway,19883.04,163239.75840000002
NO0067,Smart Phone,Phone5,1,91.15,Norway,91.15,748.34150000000011
NO0136,Smart Phone,Phone5,20,2482.05,Norway,49641.0,407552.61000000004
DE0111,Smart Phone,Phone5,2,26.09,Germany,52.18,4661.7612
DE0147,Smart Phone,Phone5,16,198.14,Germany,3170.24,283229.2416
QA0003,Smart Phone,Phone5,11,530.77,Qatar,5838.4699999999993,133525.8089
QA0199,Smart Phone,Phone5,8,280.07,Qatar,2240.56,51241.6072
HK0009,Smart Phone,Phone6,4,199.82,HongKong,799.28,8736.1304
HK0040,Smart Phone,Phone6,19,1755.72,HongKong,33358.68,364610.3724
HK0096,Smart Phone,Phone6,18,1312.53,HongKong,23625.54,258227.1522
OM0043,Smart Phone,Phone6,10,40.32,Oman,403.2,86905.727999999988
NO0056,Smart Phone,Phone6,10,1160.26,Norway,11602.6,95257.34600000002
NO0139,Smart Phone,Phone6,20,2069.23,Norway,41384.6,339767.56600000005
DE0051,Smart Phone,Phone6,3,34.93,Germany,104.78999999999999,9361.9386
DE0097,Smart Phone,Phone6,16,193.66,Germany,3098.56,276825.3504
DE0173,Smart Phone,Phone6,18,198.7,Germany,3576.6,319533.444
QA0042,Smart Phone,Phone6,4,150.87,Qatar,603.48,13801.5876
QA0049,Smart Phone,Phone6,12,269.06,Qatar,3228.7200000000003,73840.8264
QA0060,Smart Phone,Phone6,1,38.94,Qatar,38.94,890.5578
QA0101,Smart Phone,Phone6,2,57.95,Qatar,115.9,2650.6330000000003
JP0140,Shoes,Shoes1,12,24248.28,Japan,290979.36,165858.23519999997
SL1014,Shoes,Shoes1,10,5145.7000000000007,SriLanka,51457.000000000007,12864.250000000002
SL1049,Shoes,Shoes1,9,5653.26,SriLanka,50879.340000000004,12719.835000000001
SL1140,Shoes,Shoes1,7,7274.8899999999994,SriLanka,50924.229999999996,12731.057499999999
HK0025,Shoes,Shoes1,17,1653.34,HongKong,28106.78,307207.1054
HK0066,Shoes,Shoes1,11,692.41,HongKong,7616.5099999999993,83248.454299999983
OM0021,Shoes,Shoes1,1,3.95,Oman,3.95,851.383
OM0197,Shoes,Shoes1,7,30.98,Oman,216.86,46742.0044
NO0021,Shoes,Shoes1,10,1094.87,Norway,10948.699999999999,89888.827
NO0057,Shoes,Shoes1,7,490.0,Norway,3430.0,28160.300000000003
NO0115,Shoes,Shoes1,7,813.97,Norway,5697.79,46778.8559
NO0127,Shoes,Shoes1,5,442.95,Norway,2214.75,18183.097500000003
DE0002,Shoes,Shoes1,20,188.5,Germany,3770.0,336811.8
DE0116,Shoes,Shoes1,19,176.52,Germany,3353.88,299635.63920000003
DE0193,Shoes,Shoes1,11,138.32,Germany,1521.52,135932.5968
QA0036,Shoes,Shoes1,3,102.8,Qatar,308.4,7053.108
QA0078,Shoes,Shoes1,11,250.0,Qatar,2750.0,62892.5
QA0193,Shoes,Shoes1,5,112.33,Qatar,561.65,12844.9355
JP0038,Shoes,Shoes2,5,4913.79,Japan,24568.95,14004.3015
JP0040,Shoes,Shoes2,20,27000.0,Japan,540000.0,307800.0
JP0087,Shoes,Shoes2,3,5394.83,Japan,16184.49,9225.1593
JP0128,Shoes,Shoes2,5,6836.21,Japan,34181.05,19483.1985
JP0174,Shoes,Shoes2,18,19613.79,Japan,353048.22000000003,201237.4854
SL1001,Shoes,Shoes2,2,1003.3,SriLanka,2006.6,501.65
SL1025,Shoes,Shoes2,6,3712.62,SriLanka,22275.72,5568.93
SL1092,Shoes,Shoes2,1,903.59,SriLanka,903.59,225.8975
SL1124,Shoes,Shoes2,4,4485.16,SriLanka,17940.64,4485.16
SL1169,Shoes,Shoes2,8,7108.16,SriLanka,56865.28,14216.32
SL1196,Shoes,Shoes2,2,1524.76,SriLanka,3049.52,762.38
HK0116,Shoes,Shoes2,2,188.47,HongKong,376.94,4119.9542
HK0178,Shoes,Shoes2,8,552.61,HongKong,4420.88,48320.2184
OM0110,Shoes,Shoes2,18,59.13,Oman,1064.3400000000001,229407.84360000002
NO0124,Shoes,Shoes2,3,297.69,Norway,893.06999999999994,7332.1047
DE0138,Shoes,Shoes2,4,41.33,Germany,165.32,14769.6888
DE0143,Shoes,Shoes2,2,17.64,Germany,35.28,3151.9152000000004
DE0145,Shoes,Shoes2,10,129.22,Germany,1292.2,115445.14800000002
DE0163,Shoes,Shoes2,18,216.65,Germany,3899.7000000000003,348399.19800000003
QA0023,Shoes,Shoes2,4,115.03,Qatar,460.12,10522.9444
QA0040,Shoes,Shoes2,18,472.81,Qatar,8510.58,194636.9646
QA0057,Shoes,Shoes2,15,409.75,Qatar,6146.25,140564.73750000002
QA0134,Shoes,Shoes2,19,426.84,Qatar,8109.9599999999991,185474.78519999998
QA0188,Shoes,Shoes2,7,177.45,Qatar,1242.1499999999999,28407.9705
JP0005,Shoes,Shoes3,14,18103.45,Japan,253448.30000000002,144465.531
JP0070,Shoes,Shoes3,11,10487.93,Japan,115367.23000000001,65759.3211
JP0078,Shoes,Shoes3,4,6958.62,Japan,27834.48,15865.653599999998
JP0096,Shoes,Shoes3,3,5839.66,Japan,17518.98,9985.8185999999987
JP0152,Shoes,Shoes3,4,5758.62,Japan,23034.48,13129.653599999998
SL1007,Shoes,Shoes3,2,1378.66,SriLanka,2757.32,689.33
SL1171,Shoes,Shoes3,6,5916.4800000000005,SriLanka,35498.880000000005,8874.7200000000012
SL1181,Shoes,Shoes3,5,2979.8500000000004,SriLanka,14899.250000000002,3724.8125000000005
SL1190,Shoes,Shoes3,3,3172.59,SriLanka,9517.77,2379.4425
HK0105,Shoes,Shoes3,16,993.96,HongKong,15903.36,173823.7248
OM0019,Shoes,Shoes3,16,43.87,Oman,701.92,151291.8368
OM0085,Shoes,Shoes3,19,65.06,Oman,1236.14,266437.6156
NO0029,Shoes,Shoes3,10,757.69,Norway,7576.9000000000005,62206.349000000009
NO0046,Shoes,Shoes3,20,1856.41,Norway,37128.200000000004,304822.52200000006
NO0074,Shoes,Shoes3,2,292.56,Norway,585.12,4803.8352
NO0170,Shoes,Shoes3,15,2286.54,Norway,34298.1,281587.401
DE0014,Shoes,Shoes3,7,76.57,Germany,535.99,47885.346600000004
DE0074,Shoes,Shoes3,9,76.76,Germany,690.84,61719.6456
DE0180,Shoes,Shoes3,15,190.46,Germany,2856.9,255235.44600000003
DE0184,Shoes,Shoes3,6,72.29,Germany,433.74,38750.331600000005
QA0074,Shoes,Shoes3,19,946.68,Qatar,17986.92,411360.8604
QA0084,Shoes,Shoes3,14,616.78,Qatar,8634.92,197480.6204
QA0118,Shoes,Shoes3,3,105.42,Qatar,316.26,7232.8662
QA0129,Shoes,Shoes3,7,282.69,Qatar,1978.83,45255.8421
QA0184,Shoes,Shoes3,9,399.26,Qatar,3593.34,82179.6858
JP0095,Shoes,Shoes4,15,14431.03,Japan,216465.45,123385.30649999999
SL1057,Shoes,Shoes4,7,6517.7,SriLanka,45623.9,11405.975
SL1061,Shoes,Shoes4,10,6302.4,SriLanka,63024.0,15756.0
SL1101,Shoes,Shoes4,6,3664.8599999999997,SriLanka,21989.159999999996,5497.2899999999991
SL1127,Shoes,Shoes4,5,5759.0499999999993,SriLanka,28795.249999999996,7198.8124999999991
SL1179,Shoes,Shoes4,9,9097.4700000000012,SriLanka,81877.23000000001,20469.307500000003
SL1180,Shoes,Shoes4,8,8336.32,SriLanka,66690.56,16672.64
HK0045,Shoes,Shoes4,5,421.77,HongKong,2108.85,23049.730499999998
HK0051,Shoes,Shoes4,1,48.03,HongKong,48.03,524.9679
HK0060,Shoes,Shoes4,6,379.32,HongKong,2275.92,24875.8056
OM0022,Shoes,Shoes4,18,83.76,Oman,1507.68,324965.3472
OM0028,Shoes,Shoes4,7,22.28,Oman,155.96,33615.6184
OM0125,Shoes,Shoes4,5,20.67,Oman,103.35000000000001,22276.059
OM0128,Shoes,Shoes4,18,59.38,Oman,1068.8400000000001,230377.77360000001
OM0134,Shoes,Shoes4,9,28.89,Oman,260.01,56042.5554
NO0091,Shoes,Shoes4,2,166.41,Norway,332.82,2732.4522
NO0121,Shoes,Shoes4,16,1772.31,Norway,28356.96,232810.6416
NO0155,Shoes,Shoes4,15,1640.38,Norway,24605.7,202012.79700000002
DE0052,Shoes,Shoes4,17,197.19,Germany,3352.23,299488.2282
DE0174,Shoes,Shoes4,15,134.15,Germany,2012.25,179774.415
QA0058,Shoes,Shoes4,16,799.3,Qatar,12788.8,292479.85599999997
JP0063,Shoes,Shoes5,12,16241.38,Japan,194896.56,111091.03919999998
JP0142,Shoes,Shoes5,11,18491.38,Japan,203405.18000000002,115940.9526
SL1010,Shoes,Shoes5,3,3128.01,SriLanka,9384.03,2346.0075
SL1020,Shoes,Shoes5,9,5753.34,SriLanka,51780.06,12945.015
SL1036,Shoes,Shoes5,4,2141.0,SriLanka,8564.0,2141.0
SL1110,Shoes,Shoes5,10,6173.0,SriLanka,61730.0,15432.5
SL1141,Shoes,Shoes5,5,5276.35,SriLanka,26381.75,6595.4375
SL1151,Shoes,Shoes5,2,2183.86,SriLanka,4367.72,1091.93
SL1186,Shoes,Shoes5,8,4013.6,SriLanka,32108.8,8027.2
HK0020,Shoes,Shoes5,17,1466.7,HongKong,24933.9,272527.527
HK0101,Shoes,Shoes5,10,987.19,HongKong,9871.9000000000015,107899.86700000001
HK0195,Shoes,Shoes5,19,1576.67,HongKong,29956.730000000003,327427.0589
OM0055,Shoes,Shoes5,18,47.6,Oman,856.80000000000007,184674.67200000002
OM0069,Shoes,Shoes5,2,7.53,Oman,15.06,3246.0324
OM0093,Shoes,Shoes5,19,73.52,Oman,1396.8799999999999,301083.51519999997
OM0183,Shoes,Shoes5,7,37.51,Oman,262.57,56594.337799999994
OM0190,Shoes,Shoes5,11,36.39,Oman,400.29,86278.506600000008
NO0114,Shoes,Shoes5,19,1663.72,Norway,31610.68,259523.68280000004
NO0198,Shoes,Shoes5,1,124.23,Norway,124.23,1019.9283000000001
DE0026,Shoes,Shoes5,8,105.61,Germany,844.88,75481.579200000007
QA0018,Shoes,Shoes5,3,149.87,Qatar,449.61,10282.5807
QA0145,Shoes,Shoes5,20,441.43,Qatar,8828.6,201910.08200000002
JP0020,Shoes,Shoes6,14,17017.24,Japan,238241.36000000002,135797.5752
JP0107,Shoes,Shoes6,13,24856.9,Japan,323139.7,184189.629
SL1038,Shoes,Shoes6,5,2608.65,SriLanka,13043.25,3260.8125
SL1041,Shoes,Shoes6,9,5660.19,SriLanka,50941.71,12735.4275
SL1111,Shoes,Shoes6,4,2496.6,SriLanka,9986.4,2496.6
SL1126,Shoes,Shoes6,9,7426.9800000000005,SriLanka,66842.82,16710.705
SL1187,Shoes,Shoes6,2,1455.52,SriLanka,2911.04,727.76
HK0089,Shoes,Shoes6,12,1170.36,HongKong,14044.32,153504.4176
HK0151,Shoes,Shoes6,13,1397.53,HongKong,18167.89,198575.0377
OM0009,Shoes,Shoes6,3,9.33,Oman,27.990000000000002,6032.9646
OM0049,Shoes,Shoes6,2,8.02,Oman,16.04,3457.2616
OM0117,Shoes,Shoes6,13,53.62,Oman,697.06,150244.3124
OM0130,Shoes,Shoes6,17,74.14,Oman,1260.38,271662.3052
OM0155,Shoes,Shoes6,6,16.51,Oman,99.06,21351.3924
DE0169,Shoes,Shoes6,3,32.55,Germany,97.649999999999991,8724.051
QA0013,Shoes,Shoes6,16,616.78,Qatar,9868.48,225692.1376
QA0116,Shoes,Shoes6,12,549.13,Qatar,6589.5599999999995,150703.2372
QA0121,Shoes,Shoes6,14,406.29,Qatar,5688.06,130085.93220000001
QA0153,Shoes,Shoes6,16,747.55,Qatar,11960.8,273543.496
SL1063,Smart Phone,SmartPhone1,3,1870.59,SriLanka,5611.7699999999995,1402.9424999999999
SL1069,Smart Phone,SmartPhone1,10,7308.6,SriLanka,73086.0,18271.5
SL1082,Smart Phone,SmartPhone1,4,4635.04,SriLanka,18540.16,4635.04
SL1097,Smart Phone,SmartPhone1,6,5769.6,SriLanka,34617.600000000006,8654.4000000000015
SL1106,Smart Phone,SmartPhone1,8,9223.44,SriLanka,73787.52,18446.88
SL1135,Smart Phone,SmartPhone1,3,2466.81,SriLanka,7400.43,1850.1075
SL1165,Smart Phone,SmartPhone1,3,3023.37,SriLanka,9070.11,2267.5275
SL1167,Smart Phone,SmartPhone1,4,3756.8,SriLanka,15027.2,3756.8
SL1022,Smart Phone,SmartPhone2,5,3237.25,SriLanka,16186.25,4046.5625
SL1164,Smart Phone,SmartPhone2,1,745.1,SriLanka,745.1,186.275
SL1175,Smart Phone,SmartPhone2,3,2565.75,SriLanka,7697.25,1924.3125
SL1121,Smart Phone,SmartPhone3,4,2898.92,SriLanka,11595.68,2898.92
SL1026,Smart Phone,SmartPhone4,10,6328.8,SriLanka,63288.0,15822.0
SL1144,Smart Phone,SmartPhone4,5,4630.45,SriLanka,23152.25,5788.0625
SL1195,Smart Phone,SmartPhone4,4,4734.12,SriLanka,18936.48,4734.12
SL1076,Smart Phone,SmartPhone5,10,7682.7999999999993,SriLanka,76828.0,19207.0
SL1125,Smart Phone,SmartPhone5,6,5540.58,SriLanka,33243.479999999996,8310.869999999999
SL1133,Smart Phone,SmartPhone5,7,5028.8,SriLanka,35201.6,8800.4
SL1143,Smart Phone,SmartPhone5,4,3684.36,SriLanka,14737.44,3684.36
SL1193,Smart Phone,SmartPhone5,10,9779.1,SriLanka,97791.0,24447.75
SL1199,Smart Phone,SmartPhone5,10,10866.099999999999,SriLanka,108660.99999999999,27165.249999999996
SL1016,Smart Phone,SmartPhone6,6,6017.76,SriLanka,36106.56,9026.64
SL1018,Smart Phone,SmartPhone6,4,3249.64,SriLanka,12998.56,3249.64
SL1070,Smart Phone,SmartPhone6,2,1499.52,SriLanka,2999.04,749.76
SL1088,Smart Phone,SmartPhone6,4,4453.96,SriLanka,17815.84,4453.96
SL1098,Smart Phone,SmartPhone6,9,8557.1999999999989,SriLanka,77014.799999999988,19253.699999999997
SL1100,Smart Phone,SmartPhone6,2,1730.5,SriLanka,3461.0,865.25
SL1109,Smart Phone,SmartPhone6,1,1142.59,SriLanka,1142.59,285.6475
SL1113,Smart Phone,SmartPhone6,7,6957.16,SriLanka,48700.119999999995,12175.029999999999
SL1116,Smart Phone,SmartPhone6,1,927.69,SriLanka,927.69,231.9225
JP0004,Tshirts,Tshirt1,11,15172.41,Japan,166896.51,95131.0107
JP0057,Tshirts,Tshirt1,3,4872.41,Japan,14617.23,8331.8211
JP0195,Tshirts,Tshirt1,14,18586.21,Japan,260206.94,148317.9558
SL1002,Tshirts,Tshirt1,5,5488.95,SriLanka,27444.75,6861.1875
SL1032,Tshirts,Tshirt1,6,3639.96,SriLanka,21839.760000000002,5459.9400000000005
SL1035,Tshirts,Tshirt1,8,4765.52,SriLanka,38124.16,9531.04
SL1053,Tshirts,Tshirt1,10,11548.900000000001,SriLanka,115489.00000000001,28872.250000000004
SL1067,Tshirts,Tshirt1,10,11694.300000000001,SriLanka,116943.00000000001,29235.750000000004
SL1087,Tshirts,Tshirt1,4,4618.72,SriLanka,18474.88,4618.72
SL1147,Tshirts,Tshirt1,8,9055.68,SriLanka,72445.44,18111.36
HK0004,Tshirts,Tshirt1,3,298.35,HongKong,895.05000000000007,9782.8965
OM0169,Tshirts,Tshirt1,14,43.19,Oman,604.66,130328.41639999999
OM0181,Tshirts,Tshirt1,15,49.55,Oman,743.25,160200.10499999998
NO0051,Tshirts,Tshirt1,18,2506.15,Norway,45110.700000000004,370358.84700000007
NO0068,Tshirts,Tshirt1,20,2453.85,Norway,49077.0,402922.17000000004
DE0019,Tshirts,Tshirt1,16,154.03,Germany,2464.48,220176.64320000002
DE0118,Tshirts,Tshirt1,9,93.3,Germany,839.69999999999993,75018.798
DE0151,Tshirts,Tshirt1,16,167.66,Germany,2682.56,239659.9104
DE0170,Tshirts,Tshirt1,13,115.82,Germany,1505.6599999999999,134515.66439999998
DE0183,Tshirts,Tshirt1,11,117.24,Germany,1289.6399999999999,115216.43759999999
QA0032,Tshirts,Tshirt1,17,728.15,Qatar,12378.55,283097.4385
QA0073,Tshirts,Tshirt1,19,523.99,Qatar,9955.81,227689.3747
QA0126,Tshirts,Tshirt1,6,269.58,Qatar,1617.48,36991.7676
QA0131,Tshirts,Tshirt1,18,464.95,Qatar,8369.1,191401.317
QA0182,Tshirts,Tshirt1,17,759.35,Qatar,12908.95,295227.6865
QA0185,Tshirts,Tshirt1,15,449.74,Qatar,6746.1,154283.307
JP0029,Tshirts,Tshirt2,2,2796.55,Japan,5593.1,3188.067
JP0076,Tshirts,Tshirt2,13,11363.79,Japan,147729.27000000002,84205.6839
SL1009,Tshirts,Tshirt2,1,500.39,SriLanka,500.39,125.0975
SL1040,Tshirts,Tshirt2,8,8852.4,SriLanka,70819.2,17704.8
SL1146,Tshirts,Tshirt2,5,2986.05,SriLanka,14930.25,3732.5625
SL1176,Tshirts,Tshirt2,10,9002.2,SriLanka,90022.0,22505.5
SL1197,Tshirts,Tshirt2,7,6279.7,SriLanka,43957.9,10989.475
HK0064,Tshirts,Tshirt2,11,1147.3,HongKong,12620.3,137939.879
HK0076,Tshirts,Tshirt2,18,1879.05,HongKong,33822.9,369684.297
HK0128,Tshirts,Tshirt2,19,1107.32,HongKong,21039.079999999998,229957.14439999996
HK0138,Tshirts,Tshirt2,16,1528.27,HongKong,24452.32,267263.8576
OM0031,Tshirts,Tshirt2,2,6.4,Oman,12.8,2758.9120000000003
OM0070,Tshirts,Tshirt2,17,47.56,Oman,808.52,174268.4008
OM0135,Tshirts,Tshirt2,6,31.34,Oman,188.04,40530.141599999995
OM0152,Tshirts,Tshirt2,19,79.51,Oman,1510.69,325614.1226
NO0137,Tshirts,Tshirt2,10,1160.26,Norway,11602.6,95257.34600000002
NO0173,Tshirts,Tshirt2,12,1573.85,Norway,18886.199999999997,155055.702
DE0191,Tshirts,Tshirt2,18,164.41,Germany,2959.38,264391.00920000003
QA0136,Tshirts,Tshirt2,7,236.19,Qatar,1653.33,37811.6571
QA0162,Tshirts,Tshirt2,16,584.62,Qatar,9353.92,213924.1504
JP0074,Tshirts,Tshirt3,14,19068.97,Japan,266965.58,152170.3806
JP0123,Tshirts,Tshirt3,3,4029.31,Japan,12087.93,6890.1200999999992
SL1012,Tshirts,Tshirt3,4,4053.08,SriLanka,16212.32,4053.08
SL1102,Tshirts,Tshirt3,1,1027.91,SriLanka,1027.91,256.9775
SL1153,Tshirts,Tshirt3,10,8405.5,SriLanka,84055.0,21013.75
OM0012,Tshirts,Tshirt3,20,54.38,Oman,1087.6000000000001,234421.30400000003
OM0032,Tshirts,Tshirt3,9,39.58,Oman,356.21999999999997,76779.65879999999
OM0113,Tshirts,Tshirt3,6,21.99,Oman,131.94,28438.347599999997
OM0194,Tshirts,Tshirt3,11,39.7,Oman,436.70000000000005,94126.318
NO0116,Tshirts,Tshirt3,6,830.77,Norway,4984.62,40923.730200000005
NO0129,Tshirts,Tshirt3,18,2563.85,Norway,46149.299999999996,378885.753
NO0135,Tshirts,Tshirt3,9,1315.38,Norway,11838.420000000002,97193.428200000024
NO0193,Tshirts,Tshirt3,5,483.97,Norway,2419.8500000000004,19866.968500000006
DE0037,Tshirts,Tshirt3,18,100.86,Germany,1815.48,162194.98320000002
DE0065,Tshirts,Tshirt3,3,37.29,Germany,111.87,9994.4658
QA0011,Tshirts,Tshirt3,16,778.32,Qatar,12453.12,284802.8544
QA0033,Tshirts,Tshirt3,2,70.63,Qatar,141.26,3230.6162
QA0046,Tshirts,Tshirt3,16,625.17,Qatar,10002.72,228762.2064
QA0150,Tshirts,Tshirt3,2,88.37,Qatar,176.74,4042.0438000000004
QA0164,Tshirts,Tshirt3,5,127.4,Qatar,637.0,14568.19
JP0116,Tshirts,Tshirt4,12,19737.93,Japan,236855.16,135007.4412
JP0151,Tshirts,Tshirt4,20,36482.76,Japan,729655.20000000007,415903.464
SL1011,Tshirts,Tshirt4,8,8308.24,SriLanka,66465.92,16616.48
SL1023,Tshirts,Tshirt4,6,6029.58,SriLanka,36177.479999999996,9044.369999999999
SL1058,Tshirts,Tshirt4,5,4427.6,SriLanka,22138.0,5534.5
SL1064,Tshirts,Tshirt4,10,5186.0,SriLanka,51860.0,12965.0
SL1065,Tshirts,Tshirt4,7,6251.56,SriLanka,43760.920000000006,10940.230000000001
SL1107,Tshirts,Tshirt4,9,7771.86,SriLanka,69946.739999999991,17486.684999999998
SL1148,Tshirts,Tshirt4,9,7216.0199999999995,SriLanka,64944.179999999993,16236.044999999998
HK0024,Tshirts,Tshirt4,11,843.37,HongKong,9277.07,101398.37509999999
HK0029,Tshirts,Tshirt4,14,1370.54,HongKong,19187.559999999998,209720.03079999998
HK0079,Tshirts,Tshirt4,11,592.77,HongKong,6520.4699999999993,71268.737099999984
HK0172,Tshirts,Tshirt4,8,602.38,HongKong,4819.04,52672.1072
OM0084,Tshirts,Tshirt4,12,35.69,Oman,428.28,92311.471199999985
OM0146,Tshirts,Tshirt4,15,52.26,Oman,783.9,168961.80599999998
NO0039,Tshirts,Tshirt4,4,329.74,Norway,1318.96,10828.661600000001
NO0044,Tshirts,Tshirt4,10,1173.08,Norway,11730.8,96309.868
DE0012,Tshirts,Tshirt4,2,20.98,Germany,41.96,3748.7064
DE0100,Tshirts,Tshirt4,10,76.21,Germany,762.09999999999991,68086.014
DE0113,Tshirts,Tshirt4,20,247.67,Germany,4953.4,442536.756
DE0135,Tshirts,Tshirt4,17,108.98,Germany,1852.66,165516.64440000002
DE0155,Tshirts,Tshirt4,10,108.71,Germany,1087.1,97121.514
DE0192,Tshirts,Tshirt4,20,214.28,Germany,4285.6,382875.50400000007
QA0031,Tshirts,Tshirt4,14,428.93,Qatar,6005.02,137334.80740000002
JP0113,Tshirts,Tshirt5,18,36527.59,Japan,657496.61999999988,374773.07339999988
JP0197,Tshirts,Tshirt5,18,27031.03,Japan,486558.54,277338.36779999995
SL1000,Tshirts,Tshirt5,4,3145.08,SriLanka,12580.32,3145.08
SL1004,Tshirts,Tshirt5,8,4594.96,SriLanka,36759.68,9189.92
SL1028,Tshirts,Tshirt5,10,5970.2,SriLanka,59702.0,14925.5
SL1029,Tshirts,Tshirt5,2,1571.66,SriLanka,3143.32,785.83
SL1051,Tshirts,Tshirt5,6,3543.0,SriLanka,21258.0,5314.5
SL1072,Tshirts,Tshirt5,10,6813.3,SriLanka,68133.0,17033.25
SL1118,Tshirts,Tshirt5,9,9149.67,SriLanka,82347.03,20586.7575
SL1145,Tshirts,Tshirt5,4,4690.12,SriLanka,18760.48,4690.12
SL1152,Tshirts,Tshirt5,6,3527.2799999999997,SriLanka,21163.68,5290.92
SL1191,Tshirts,Tshirt5,8,9313.12,SriLanka,74504.96,18626.24
SL1198,Tshirts,Tshirt5,9,8068.41,SriLanka,72615.69,18153.9225
OM0047,Tshirts,Tshirt5,16,65.32,Oman,1045.12,225265.16479999997
OM0132,Tshirts,Tshirt5,18,57.46,Oman,1034.28,222928.7112
OM0200,Tshirts,Tshirt5,5,12.46,Oman,62.300000000000004,13428.142
NO0010,Tshirts,Tshirt5,4,266.15,Norway,1064.6,8740.366
NO0105,Tshirts,Tshirt5,5,446.15,Norway,2230.75,18314.4575
DE0081,Tshirts,Tshirt5,3,37.25,Germany,111.75,9983.745
DE0129,Tshirts,Tshirt5,12,131.12,Germany,1573.44,140571.12960000001
QA0106,Tshirts,Tshirt5,17,768.27,Qatar,13060.59,298695.69330000004
QA0161,Tshirts,Tshirt5,19,768.97,Qatar,14610.43,334140.53410000005
JP0058,Tshirts,Tshirt6,12,22117.24,Japan,265406.88,151281.9216
JP0104,Tshirts,Tshirt6,11,15874.14,Japan,174615.53999999998,99530.857799999983
SL1003,Tshirts,Tshirt6,3,1911.9900000000002,SriLanka,5735.9700000000012,1433.9925000000003
SL1033,Tshirts,Tshirt6,1,1064.6,SriLanka,1064.6,266.15
SL1062,Tshirts,Tshirt6,2,1769.04,SriLanka,3538.08,884.52
SL1156,Tshirts,Tshirt6,1,903.13,SriLanka,903.13,225.7825
HK0019,Tshirts,Tshirt6,17,1843.09,HongKong,31332.53,342464.55289999995
HK0039,Tshirts,Tshirt6,19,1670.54,HongKong,31740.26,346921.04179999995
HK0058,Tshirts,Tshirt6,9,934.58,HongKong,8411.2200000000012,91934.6346
HK0112,Tshirts,Tshirt6,8,750.96,HongKong,6007.68,65663.9424
HK0145,Tshirts,Tshirt6,1,94.42,HongKong,94.42,1032.0106
HK0180,Tshirts,Tshirt6,16,1542.91,HongKong,24686.56,269824.1008
HK0196,Tshirts,Tshirt6,6,395.24,HongKong,2371.44,25919.8392
OM0044,Tshirts,Tshirt6,7,24.07,Oman,168.49,36316.3346
NO0025,Tshirts,Tshirt6,17,2512.95,Norway,42720.149999999994,350732.4315
NO0027,Tshirts,Tshirt6,5,681.41,Norway,3407.0499999999997,27971.8805
NO0099,Tshirts,Tshirt6,5,463.46,Norway,2317.2999999999997,19025.033
NO0160,Tshirts,Tshirt6,4,436.41,Norway,1745.64,14331.704400000002
DE0058,Tshirts,Tshirt6,16,194.73,Germany,3115.68,278354.8512
DE0059,Tshirts,Tshirt6,10,88.87,Germany,888.7,79396.458000000013
DE0062,Tshirts,Tshirt6,4,49.53,Germany,198.12,17700.040800000002
DE0165,Tshirts,Tshirt6,16,130.9,Germany,2094.4,187113.69600000003
QA0028,Tshirts,Tshirt6,4,110.31,Qatar,441.24,10091.158800000001
QA0114,Tshirts,Tshirt6,20,1029.72,Qatar,20594.4,470993.92800000007
SL1039,Water bottles,WaterBottle1,10,9403.6,SriLanka,94036.0,23509.0
SL1042,Water bottles,WaterBottle1,10,8175.8,SriLanka,81758.0,20439.5
SL1047,Water bottles,WaterBottle1,3,2361.7799999999997,SriLanka,7085.3399999999992,1771.3349999999998
SL1055,Water bottles,WaterBottle1,10,7535.4,SriLanka,75354.0,18838.5
SL1060,Water bottles,WaterBottle1,7,7881.3700000000008,SriLanka,55169.590000000004,13792.397500000001
SL1074,Water bottles,WaterBottle1,1,668.58,SriLanka,668.58,167.145
SL1080,Water bottles,WaterBottle1,10,8243.8,SriLanka,82438.0,20609.5
SL1123,Water bottles,WaterBottle1,5,5213.0999999999995,SriLanka,26065.499999999996,6516.3749999999991
SL1134,Water bottles,WaterBottle1,10,10408.099999999999,SriLanka,104080.99999999999,26020.249999999996
SL1160,Water bottles,WaterBottle1,6,7153.5,SriLanka,42921.0,10730.25
SL1068,Water bottles,WaterBottle2,7,6851.81,SriLanka,47962.670000000006,11990.667500000001
SL1094,Water bottles,WaterBottle2,10,9474.0,SriLanka,94740.0,23685.0
SL1115,Water bottles,WaterBottle2,5,5228.25,SriLanka,26141.25,6535.3125
SL1132,Water bottles,WaterBottle2,8,7336.96,SriLanka,58695.68,14673.92
SL1170,Water bottles,WaterBottle2,3,3530.19,SriLanka,10590.57,2647.6425
SL1017,Water bottles,WaterBottle3,8,6184.8,SriLanka,49478.4,12369.6
SL1037,Water bottles,WaterBottle3,3,3461.07,SriLanka,10383.210000000001,2595.8025000000002
SL1071,Water bottles,WaterBottle3,8,8079.44,SriLanka,64635.52,16158.88
SL1073,Water bottles,WaterBottle3,10,9364.7,SriLanka,93647.0,23411.75
SL1084,Water bottles,WaterBottle3,9,9002.34,SriLanka,81021.06,20255.265
SL1154,Water bottles,WaterBottle3,6,4629.78,SriLanka,27778.68,6944.67
SL1162,Water bottles,WaterBottle3,4,4703.12,SriLanka,18812.48,4703.12
SL1015,Water bottles,WaterBottle4,5,4974.7000000000007,SriLanka,24873.500000000004,6218.3750000000009
SL1030,Water bottles,WaterBottle4,5,5171.3,SriLanka,25856.5,6464.125
SL1108,Water bottles,WaterBottle4,5,4529.25,SriLanka,22646.25,5661.5625
SL1136,Water bottles,WaterBottle4,1,904.06,SriLanka,904.06,226.015
SL1139,Water bottles,WaterBottle4,1,764.62,SriLanka,764.62,191.155
SL1008,Water bottles,WaterBottle5,2,2097.36,SriLanka,4194.72,1048.68
SL1103,Water bottles,WaterBottle5,7,7246.1200000000008,SriLanka,50722.840000000004,12680.710000000001
SL1105,Water bottles,WaterBottle5,5,3334.8,SriLanka,16674.0,4168.5
SL1142,Water bottles,WaterBottle5,5,5006.5,SriLanka,25032.5,6258.125
SL1157,Water bottles,WaterBottle5,6,6907.74,SriLanka,41446.44,10361.61
SL1163,Water bottles,WaterBottle5,10,8621.2,SriLanka,86212.0,21553.0
SL1185,Water bottles,WaterBottle5,5,3575.85,SriLanka,17879.25,4469.8125
SL1112,Water bottles,WaterBottle6,6,6205.92,SriLanka,37235.520000000004,9308.880000000001
SL1166,Water bottles,WaterBottle6,7,5253.71,SriLanka,36775.97,9193.9925
SL1188,Water bottles,WaterBottle6,6,4910.5199999999995,SriLanka,29463.119999999995,7365.7799999999988
SL1192,Water bottles,WaterBottle6,3,1668.81,SriLanka,5006.43,1251.6075
IN-0209,Shoes,Adidas Shoes,8,534.0,India,4272.0,4272.0
IN-0226,Shoes,Adidas Shoes,10,534.0,India,5340.0,5340.0
IN-0293,Shoes,Adidas Shoes,2,534.0,India,1068.0,1068.0
IN-0243,Shoes,Bata Shoes,4,534.0,India,2136.0,2136.0
IN-0115,Shoes,Nike Shoes,8,534.0,India,4272.0,4272.0
IN-0202,Shoes,Nike Shoes,1,534.0,India,534.0,534.0
IN-0224,Shoes,Nike Shoes,7,534.0,India,3738.0,3738.0
IN-0281,Shoes,Nike Shoes,6,534.0,India,3204.0,3204.0
IN-0026,Tshirts,Nike Tshirt,10,534.0,India,5340.0,5340.0
IN-0017,Tshirts,Peter England Tshirt,9,534.0,India,4806.0,4806.0
IN-0164,Tshirts,Peter England Tshirt,7,534.0,India,3738.0,3738.0
IN-0170,Tshirts,Peter England Tshirt,1,534.0,India,534.0,534.0
IN-0198,Tshirts,Peter England Tshirt,9,534.0,India,4806.0,4806.0
IN-0046,Shoes,Reebok Shoes,6,534.0,India,3204.0,3204.0
IN-0151,Shoes,Reebok Shoes,6,534.0,India,3204.0,3204.0
IN-0162,Shoes,Reebok Shoes,4,534.0,India,2136.0,2136.0
IN-0276,Water bottles,Cello Water bottles,7,544.0,India,3808.0,3808.0
IN-0108,Water bottles,Kinley Water bottles,8,544.0,India,4352.0,4352.0
IN-0133,Water bottles,Kinley Water bottles,10,544.0,India,5440.0,5440.0
IN-0057,Water bottles,Milton Water bottles,3,544.0,India,1632.0,1632.0
IN-0066,Water bottles,Milton Water bottles,2,544.0,India,1088.0,1088.0
IN-0294,Water bottles,Milton Water bottles,3,544.0,India,1632.0,1632.0
IN-0011,Water bottles,Tupperware Water bottles,6,544.0,India,3264.0,3264.0
IN-0039,Jeans,Lee Jeans,9,567.0,India,5103.0,5103.0
IN-0287,Jeans,Lee Jeans,1,567.0,India,567.0,567.0
IN-0019,Jeans,Levi's Jeans,1,567.0,India,567.0,567.0
IN-0196,Jeans,Levi's Jeans,5,567.0,India,2835.0,2835.0
IN-0139,Jeans,Mufti Jeans,9,567.0,India,5103.0,5103.0
IN-0101,Jeans,Wrangler Jeans,9,567.0,India,5103.0,5103.0
IN-0137,Jeans,Wrangler Jeans,10,567.0,India,5670.0,5670.0
IN-0235,Jeans,Wrangler Jeans,2,567.0,India,1134.0,1134.0
IN-0014,Shoes,Bata Shoes,6,616.0,India,3696.0,3696.0
IN-0086,Shoes,Nike Shoes,9,616.0,India,5544.0,5544.0
IN-0239,Shoes,Nike Shoes,4,616.0,India,2464.0,2464.0
IN-0116,Shoes,Reebok Shoes,5,616.0,India,3080.0,3080.0
IN-0003,Shoes,Woodland Shoes,9,616.0,India,5544.0,5544.0
IN-0188,Shoes,Woodland Shoes,10,616.0,India,6160.0,6160.0
IN-0142,Smart Phone,OnePlus Smart Phone,3,644.0,India,1932.0,1932.0
IN-0102,Smart Phone,Redmi Smart Phone,3,644.0,India,1932.0,1932.0
IN-0166,Smart Phone,Redmi Smart Phone,5,644.0,India,3220.0,3220.0
IN-0248,Smart Phone,Redmi Smart Phone,5,644.0,India,3220.0,3220.0
IN-0020,Smart Phone,Samsung Smart Phone,2,644.0,India,1288.0,1288.0
IN-0261,Smart Phone,Samsung Smart Phone,6,644.0,India,3864.0,3864.0
IN-0035,Smart Phone,Vivo Smart Phone,6,644.0,India,3864.0,3864.0
IN-0072,Smart Phone,Vivo Smart Phone,7,644.0,India,4508.0,4508.0
IN-0182,Smart Phone,Vivo Smart Phone,7,644.0,India,4508.0,4508.0
IN-0260,Smart Phone,iPhone Smart Phone,5,644.0,India,3220.0,3220.0
IN-0187,Water bottles,Aquafina Water bottles,8,648.0,India,5184.0,5184.0
IN-0127,Water bottles,Cello Water bottles,7,648.0,India,4536.0,4536.0
IN-0149,Water bottles,Cello Water bottles,6,648.0,India,3888.0,3888.0
IN-0157,Water bottles,Tupperware Water bottles,9,648.0,India,5832.0,5832.0
IN-0249,Water bottles,Tupperware Water bottles,4,648.0,India,2592.0,2592.0
IN-0015,Jeans,Lee Jeans,6,653.0,India,3918.0,3918.0
IN-0062,Jeans,Lee Jeans,1,653.0,India,653.0,653.0
IN-0230,Jeans,Lee Jeans,4,653.0,India,2612.0,2612.0
IN-0114,Jeans,Levi's Jeans,9,653.0,India,5877.0,5877.0
IN-0152,Jeans,Mufti Jeans,4,653.0,India,2612.0,2612.0
IN-0005,Jeans,Pepe Jeans Jeans,2,653.0,India,1306.0,1306.0
IN-0266,Jeans,Pepe Jeans Jeans,10,653.0,India,6530.0,6530.0
IN-0264,Jeans,Wrangler Jeans,4,653.0,India,2612.0,2612.0
IN-0135,Water bottles,Aquafina Water bottles,6,665.0,India,3990.0,3990.0
IN-0197,Water bottles,Aquafina Water bottles,5,665.0,India,3325.0,3325.0
IN-0071,Water bottles,Cello Water bottles,9,665.0,India,5985.0,5985.0
IN-0268,Water bottles,Cello Water bottles,5,665.0,India,3325.0,3325.0
IN-0212,Water bottles,Kinley Water bottles,2,665.0,India,1330.0,1330.0
IN-0253,Water bottles,Kinley Water bottles,6,665.0,India,3990.0,3990.0
IN-0252,Water bottles,Aquafina Water bottles,3,699.0,India,2097.0,2097.0
IN-0037,Water bottles,Cello Water bottles,1,699.0,India,699.0,699.0
IN-0181,Water bottles,Cello Water bottles,3,699.0,India,2097.0,2097.0
IN-0049,Water bottles,Kinley Water bottles,2,699.0,India,1398.0,1398.0
IN-0029,Water bottles,Milton Water bottles,2,699.0,India,1398.0,1398.0
IN-0229,Water bottles,Milton Water bottles,10,699.0,India,6990.0,6990.0
IN-0107,Water bottles,Tupperware Water bottles,8,699.0,India,5592.0,5592.0
IN-0155,Water bottles,Tupperware Water bottles,2,699.0,India,1398.0,1398.0
IN-0034,Tshirts,Adidas Tshirt,5,742.0,India,3710.0,3710.0
IN-0173,Tshirts,Nike Tshirt,1,742.0,India,742.0,742.0
IN-0138,Tshirts,Peter England Tshirt,10,742.0,India,7420.0,7420.0
IN-0050,Tshirts,Zara Tshirt,8,742.0,India,5936.0,5936.0
IN-0236,Tshirts,Zara Tshirt,3,742.0,India,2226.0,2226.0
IN-0296,Tshirts,Zara Tshirt,6,742.0,India,4452.0,4452.0
IN-0184,Jeans,Lee Jeans,3,752.0,India,2256.0,2256.0
IN-0022,Jeans,Levi's Jeans,2,752.0,India,1504.0,1504.0
IN-0027,Jeans,Levi's Jeans,6,752.0,India,4512.0,4512.0
IN-0064,Jeans,Levi's Jeans,9,752.0,India,6768.0,6768.0
IN-0104,Jeans,Levi's Jeans,2,752.0,India,1504.0,1504.0
IN-0119,Jeans,Levi's Jeans,2,752.0,India,1504.0,1504.0
IN-0206,Jeans,Levi's Jeans,4,752.0,India,3008.0,3008.0
IN-0183,Jeans,Mufti Jeans,10,752.0,India,7520.0,7520.0
IN-0259,Jeans,Pepe Jeans Jeans,1,752.0,India,752.0,752.0
IN-0280,Jeans,Wrangler Jeans,9,752.0,India,6768.0,6768.0
IN-0007,Perfumes,AXE Perfumes,7,821.0,India,5747.0,5747.0
IN-0123,Perfumes,AXE Perfumes,5,821.0,India,4105.0,4105.0
IN-0140,Perfumes,AXE Perfumes,7,821.0,India,5747.0,5747.0
IN-0225,Perfumes,AXE Perfumes,1,821.0,India,821.0,821.0
IN-0233,Perfumes,AXE Perfumes,6,821.0,India,4926.0,4926.0
IN-0006,Perfumes,Denver Perfumes,2,821.0,India,1642.0,1642.0
IN-0013,Perfumes,Denver Perfumes,2,821.0,India,1642.0,1642.0
IN-0045,Perfumes,Denver Perfumes,3,821.0,India,2463.0,2463.0
IN-0028,Perfumes,Fogg Perfumes,2,821.0,India,1642.0,1642.0
IN-0075,Perfumes,Fogg Perfumes,2,821.0,India,1642.0,1642.0
IN-0110,Perfumes,Fogg Perfumes,3,821.0,India,2463.0,2463.0
IN-0153,Perfumes,Fogg Perfumes,7,821.0,India,5747.0,5747.0
IN-0227,Perfumes,Fogg Perfumes,5,821.0,India,4105.0,4105.0
IN-0241,Perfumes,Fogg Perfumes,2,821.0,India,1642.0,1642.0
IN-0275,Perfumes,Fogg Perfumes,8,821.0,India,6568.0,6568.0
IN-0018,Perfumes,Park Avenue Perfumes,7,821.0,India,5747.0,5747.0
IN-0032,Perfumes,Park Avenue Perfumes,8,821.0,India,6568.0,6568.0
IN-0060,Perfumes,Wild Stone Perfumes,5,821.0,India,4105.0,4105.0
IN-0105,Perfumes,Wild Stone Perfumes,7,821.0,India,5747.0,5747.0
IN-0122,Perfumes,Wild Stone Perfumes,4,821.0,India,3284.0,3284.0
IN-0185,Perfumes,Wild Stone Perfumes,7,821.0,India,5747.0,5747.0
IN-0242,Perfumes,Wild Stone Perfumes,5,821.0,India,4105.0,4105.0
IN-0278,Smart Phone,OnePlus Smart Phone,2,830.0,India,1660.0,1660.0
IN-0100,Smart Phone,Redmi Smart Phone,3,830.0,India,2490.0,2490.0
IN-0118,Smart Phone,Samsung Smart Phone,9,830.0,India,7470.0,7470.0
IN-0176,Smart Phone,Samsung Smart Phone,7,830.0,India,5810.0,5810.0
IN-0256,Smart Phone,Samsung Smart Phone,6,830.0,India,4980.0,4980.0
IN-0111,Smart Phone,iPhone Smart Phone,8,830.0,India,6640.0,6640.0
IN-0094,Jeans,Lee Jeans,3,839.0,India,2517.0,2517.0
IN-0048,Jeans,Levi's Jeans,3,839.0,India,2517.0,2517.0
IN-0090,Jeans,Levi's Jeans,7,839.0,India,5873.0,5873.0
IN-0128,Jeans,Levi's Jeans,4,839.0,India,3356.0,3356.0
IN-0258,Jeans,Mufti Jeans,4,839.0,India,3356.0,3356.0
IN-0041,Jeans,Pepe Jeans Jeans,4,839.0,India,3356.0,3356.0
IN-0051,Jeans,Pepe Jeans Jeans,8,839.0,India,6712.0,6712.0
IN-0097,Jeans,Wrangler Jeans,8,839.0,India,6712.0,6712.0
IN-0220,Jeans,Wrangler Jeans,5,839.0,India,4195.0,4195.0
IN-0175,Tshirts,Adidas Tshirt,6,867.0,India,5202.0,5202.0
IN-0262,Tshirts,Adidas Tshirt,4,867.0,India,3468.0,3468.0
IN-0238,Tshirts,Nike Tshirt,4,867.0,India,3468.0,3468.0
IN-0298,Tshirts,Nike Tshirt,8,867.0,India,6936.0,6936.0
IN-0201,Tshirts,Peter England Tshirt,8,867.0,India,6936.0,6936.0
IN-0099,Tshirts,Puma Tshirt,6,867.0,India,5202.0,5202.0
IN-0126,Tshirts,Puma Tshirt,2,867.0,India,1734.0,1734.0
IN-0136,Tshirts,Puma Tshirt,1,867.0,India,867.0,867.0
IN-0207,Tshirts,Zara Tshirt,2,867.0,India,1734.0,1734.0
IN-0232,Tshirts,Zara Tshirt,10,867.0,India,8670.0,8670.0
IN-0168,Shoes,Adidas Shoes,10,882.0,India,8820.0,8820.0
IN-0193,Shoes,Adidas Shoes,1,882.0,India,882.0,882.0
IN-0286,Shoes,Adidas Shoes,2,882.0,India,1764.0,1764.0
IN-0134,Shoes,Bata Shoes,5,882.0,India,4410.0,4410.0
IN-0145,Shoes,Bata Shoes,3,882.0,India,2646.0,2646.0
IN-0271,Shoes,Bata Shoes,4,882.0,India,3528.0,3528.0
IN-0150,Shoes,Nike Shoes,2,882.0,India,1764.0,1764.0
IN-0040,Shoes,Reebok Shoes,6,882.0,India,5292.0,5292.0
IN-0244,Shoes,Reebok Shoes,2,882.0,India,1764.0,1764.0
IN-0246,Shoes,Woodland Shoes,8,882.0,India,7056.0,7056.0
IN-0002,Jeans,Lee Jeans,3,895.0,India,2685.0,2685.0
IN-0070,Jeans,Lee Jeans,4,895.0,India,3580.0,3580.0
IN-0167,Jeans,Lee Jeans,10,895.0,India,8950.0,8950.0
IN-0042,Jeans,Levi's Jeans,9,895.0,India,8055.0,8055.0
IN-0144,Jeans,Mufti Jeans,10,895.0,India,8950.0,8950.0
IN-0240,Jeans,Mufti Jeans,8,895.0,India,7160.0,7160.0
IN-0214,Jeans,Pepe Jeans Jeans,2,895.0,India,1790.0,1790.0
IN-0267,Jeans,Wrangler Jeans,4,895.0,India,3580.0,3580.0
IN-0290,Jeans,Wrangler Jeans,4,895.0,India,3580.0,3580.0
IN-0083,Water bottles,Aquafina Water bottles,8,905.0,India,7240.0,7240.0
IN-0283,Water bottles,Cello Water bottles,10,905.0,India,9050.0,9050.0
IN-0112,Water bottles,Kinley Water bottles,1,905.0,India,905.0,905.0
IN-0124,Water bottles,Milton Water bottles,2,905.0,India,1810.0,1810.0
IN-0012,Water bottles,Tupperware Water bottles,5,905.0,India,4525.0,4525.0
IN-0130,Water bottles,Tupperware Water bottles,3,905.0,India,2715.0,2715.0
IN-0192,Tshirts,Nike Tshirt,5,923.0,India,4615.0,4615.0
IN-0195,Tshirts,Nike Tshirt,4,923.0,India,3692.0,3692.0
IN-0299,Tshirts,Peter England Tshirt,7,923.0,India,6461.0,6461.0
IN-0043,Tshirts,Puma Tshirt,8,923.0,India,7384.0,7384.0
IN-0106,Tshirts,Puma Tshirt,3,923.0,India,2769.0,2769.0
IN-0174,Tshirts,Puma Tshirt,7,923.0,India,6461.0,6461.0
IN-0251,Tshirts,Puma Tshirt,5,923.0,India,4615.0,4615.0
IN-0179,Tshirts,Zara Tshirt,3,923.0,India,2769.0,2769.0
IN-0269,Tshirts,Zara Tshirt,6,923.0,India,5538.0,5538.0
IN-0008,Perfumes,AXE Perfumes,8,936.0,India,7488.0,7488.0
IN-0223,Perfumes,AXE Perfumes,7,936.0,India,6552.0,6552.0
IN-0284,Perfumes,AXE Perfumes,1,936.0,India,936.0,936.0
IN-0222,Perfumes,Denver Perfumes,1,936.0,India,936.0,936.0
IN-0177,Perfumes,Fogg Perfumes,8,936.0,India,7488.0,7488.0
IN-0055,Perfumes,Park Avenue Perfumes,10,936.0,India,9360.0,9360.0
IN-0009,Perfumes,Wild Stone Perfumes,8,936.0,India,7488.0,7488.0
IN-0077,Perfumes,Wild Stone Perfumes,9,936.0,India,8424.0,8424.0
IN-0217,Smart Phone,Redmi Smart Phone,7,968.0,India,6776.0,6776.0
IN-0234,Smart Phone,Redmi Smart Phone,10,968.0,India,9680.0,9680.0
IN-0254,Smart Phone,Redmi Smart Phone,4,968.0,India,3872.0,3872.0
IN-0010,Smart Phone,Samsung Smart Phone,5,968.0,India,4840.0,4840.0
IN-0186,Smart Phone,Samsung Smart Phone,9,968.0,India,8712.0,8712.0
IN-0158,Smart Phone,Vivo Smart Phone,10,968.0,India,9680.0,9680.0
IN-0030,Perfumes,AXE Perfumes,7,972.0,India,6804.0,6804.0
IN-0171,Perfumes,AXE Perfumes,1,972.0,India,972.0,972.0
IN-0237,Perfumes,AXE Perfumes,9,972.0,India,8748.0,8748.0
IN-0113,Perfumes,Denver Perfumes,6,972.0,India,5832.0,5832.0
IN-0141,Perfumes,Fogg Perfumes,7,972.0,India,6804.0,6804.0
IN-0161,Perfumes,Fogg Perfumes,3,972.0,India,2916.0,2916.0
IN-0245,Perfumes,Fogg Perfumes,5,972.0,India,4860.0,4860.0
IN-0001,Perfumes,Park Avenue Perfumes,8,972.0,India,7776.0,7776.0
IN-0033,Perfumes,Park Avenue Perfumes,10,972.0,India,9720.0,9720.0
IN-0172,Perfumes,Park Avenue Perfumes,8,972.0,India,7776.0,7776.0
IN-0250,Perfumes,Park Avenue Perfumes,3,972.0,India,2916.0,2916.0
IN-0054,Perfumes,Wild Stone Perfumes,2,972.0,India,1944.0,1944.0