predicted_Sale,Qty,Category,Product,Country,predicted_Sale_1
515.39932310859626,3,Shoes,Adidas Shoes,India,515.39932310859626
15050.988614766607,5,Water bottles,Bottle1,Japan,15050.988614766607
17301.71376629161,14,Water bottles,Bottle1,Japan,17301.71376629161
17551.794338683278,15,Water bottles,Bottle1,Japan,17551.794338683278
2647.7843641038862,18,Water bottles,Bottle1,HongKong,2647.7843641038862
397.05921257888349,9,Water bottles,Bottle1,HongKong,397.05921257888349
647.13978497055041,10,Water bottles,Bottle1,HongKong,647.13978497055041
-1103.424221771118,3,Water bottles,Bottle1,HongKong,-1103.424221771118
-1045.5312290666764,8,Water bottles,Bottle1,Oman,-1045.5312290666764
1205.1939224583261,17,Water bottles,Bottle1,Oman,1205.1939224583261
2870.1759030722956,17,Water bottles,Bottle1,Norway,2870.1759030722956
119.28960676395923,6,Water bottles,Bottle1,Norway,119.28960676395923
238.48136951889046,11,Water bottles,Bottle1,Germany,238.48136951889046
-1762.1632096144449,3,Water bottles,Bottle1,Germany,-1762.1632096144449
1989.0453762605594,18,Water bottles,Bottle1,Germany,1989.0453762605594
738.64251430222475,13,Water bottles,Bottle1,Germany,738.64251430222475
1989.0453762605594,18,Water bottles,Bottle1,Germany,1989.0453762605594
-1354.6087303143408,4,Water bottles,Bottle1,Qatar,-1354.6087303143408
2146.5192831689965,18,Water bottles,Bottle1,Qatar,2146.5192831689965
2396.5998555606629,19,Water bottles,Bottle1,Qatar,2396.5998555606629
13000.90552608946,2,Water bottles,Bottle2,Japan,13000.90552608946
155.43312334784696,18,Water bottles,Bottle2,Oman,155.43312334784696
405.51369573951342,19,Water bottles,Bottle2,Oman,405.51369573951342
655.5942681311808,20,Water bottles,Bottle2,Oman,655.5942681311808
-2430.9546266965222,1,Water bottles,Bottle2,Norway,-2430.9546266965222
570.01224200348133,13,Water bottles,Bottle2,Norway,570.01224200348133
-180.22947517151943,10,Water bottles,Bottle2,Norway,-180.22947517151943
-2561.8434363332572,5,Water bottles,Bottle2,Germany,-2561.8434363332572
189.04285997507941,16,Water bottles,Bottle2,Germany,189.04285997507941
1189.3651495417471,20,Water bottles,Bottle2,Germany,1189.3651495417471
-2061.6822915499233,7,Water bottles,Bottle2,Germany,-2061.6822915499233
939.28457715007971,19,Water bottles,Bottle2,Germany,939.28457715007971
-1404.0472398581524,9,Water bottles,Bottle2,Qatar,-1404.0472398581524
16496.710822325826,12,Water bottles,Bottle3,Japan,16496.710822325826
-407.9437313868998,7,Water bottles,Bottle3,HongKong,-407.9437313868998
400.1909784925424,15,Water bottles,Bottle3,Oman,400.1909784925424
1650.5938404508775,20,Water bottles,Bottle3,Oman,1650.5938404508775
-1185.8744819851579,2,Water bottles,Bottle3,Norway,-1185.8744819851579
814.77009714817768,10,Water bottles,Bottle3,Norway,814.77009714817768
314.60895236484373,8,Water bottles,Bottle3,Norway,314.60895236484373
3315.5758210648469,20,Water bottles,Bottle3,Norway,3315.5758210648469
1934.2841494697764,19,Water bottles,Bottle3,Germany,1934.2841494697764
-566.52157444689237,9,Water bottles,Bottle3,Germany,-566.52157444689237
-1816.9244364052274,4,Water bottles,Bottle3,Germany,-1816.9244364052274
1434.1230046864434,17,Water bottles,Bottle3,Germany,1434.1230046864434
1591.5969115948806,17,Water bottles,Bottle3,Qatar,1591.5969115948806
-1409.3699571051229,5,Water bottles,Bottle3,Qatar,-1409.3699571051229
15604.31157963959,10,Water bottles,Bottle4,Japan,15604.31157963959
13853.747572897923,3,Water bottles,Bottle4,Japan,13853.747572897923
14603.989290072921,6,Water bottles,Bottle4,Japan,14603.989290072921
14603.989290072921,6,Water bottles,Bottle4,Japan,14603.989290072921
-49.940112114800968,10,Water bottles,Bottle4,HongKong,-49.940112114800968
-1300.3429740731358,5,Water bottles,Bottle4,HongKong,-1300.3429740731358
950.38217745186671,14,Water bottles,Bottle4,HongKong,950.38217745186671
700.30160506019979,13,Water bottles,Bottle4,HongKong,700.30160506019979
-1550.4235464648027,4,Water bottles,Bottle4,HongKong,-1550.4235464648027
1450.543322235201,16,Water bottles,Bottle4,HongKong,1450.543322235201
-1242.4499813686939,10,Water bottles,Bottle4,Oman,-1242.4499813686939
-992.36940897702721,11,Water bottles,Bottle4,Oman,-992.36940897702721
758.19459776464191,18,Water bottles,Bottle4,Oman,758.19459776464191
508.114025372975,17,Water bottles,Bottle4,Oman,508.114025372975
-1242.4499813686939,10,Water bottles,Bottle4,Oman,-1242.4499813686939
672.61257163694222,11,Water bottles,Bottle4,Norway,672.61257163694222
2423.1765783786113,18,Water bottles,Bottle4,Norway,2423.1765783786113
2423.1765783786113,18,Water bottles,Bottle4,Norway,2423.1765783786113
-1458.9208171331284,7,Water bottles,Bottle4,Germany,-1458.9208171331284
-2959.4042514831303,1,Water bottles,Bottle4,Germany,-2959.4042514831303
-458.59852756646092,11,Water bottles,Bottle4,Germany,-458.59852756646092
-1051.3663378330243,8,Water bottles,Bottle4,Qatar,-1051.3663378330243
-1069.4562623277363,3,Water bottles,Bottle5,HongKong,-1069.4562623277363
-569.2951175444025,5,Water bottles,Bottle5,HongKong,-569.2951175444025
-1319.5368347194035,2,Water bottles,Bottle5,HongKong,-1319.5368347194035
431.02717202226518,9,Water bottles,Bottle5,HongKong,431.02717202226518
681.1077444139321,10,Water bottles,Bottle5,HongKong,681.1077444139321
1239.1618819017081,17,Water bottles,Bottle5,Oman,1239.1618819017081
488.92016472670684,14,Water bottles,Bottle5,Oman,488.92016472670684
-11.240980056626995,12,Water bottles,Bottle5,Oman,-11.240980056626995
653.41871099067475,8,Water bottles,Bottle5,Norway,653.41871099067475
1153.5798557740086,10,Water bottles,Bottle5,Norway,1153.5798557740086
2654.0632901240106,16,Water bottles,Bottle5,Norway,2654.0632901240106
3654.3855796906778,20,Water bottles,Bottle5,Norway,3654.3855796906778
3154.2244349073444,18,Water bottles,Bottle5,Norway,3154.2244349073444
522.52990135393929,12,Water bottles,Bottle5,Germany,522.52990135393929
772.61047374560667,13,Water bottles,Bottle5,Germany,772.61047374560667
-320.31848130429125,8,Water bottles,Bottle5,Qatar,-320.31848130429125
-70.237908912624334,9,Water bottles,Bottle5,Qatar,-70.237908912624334
-70.237908912624334,9,Water bottles,Bottle5,Qatar,-70.237908912624334
-570.39905369595817,7,Water bottles,Bottle5,Qatar,-570.39905369595817
15785.012735426262,10,Water bottles,Bottle6,Japan,15785.012735426262
18285.818459342932,20,Water bottles,Bottle6,Japan,18285.818459342932
17785.6573145596,18,Water bottles,Bottle6,Japan,17785.6573145596
15534.932163034595,9,Water bottles,Bottle6,Japan,15534.932163034595
13534.287583901259,1,Water bottles,Bottle6,Japan,13534.287583901259
2131.4056228052086,18,Water bottles,Bottle6,HongKong,2131.4056228052086
-369.400101111461,8,Water bottles,Bottle6,HongKong,-369.400101111461
-1869.883535461463,2,Water bottles,Bottle6,HongKong,-1869.883535461463
1188.9763259429819,19,Water bottles,Bottle6,Oman,1188.9763259429819
1439.0568983346493,20,Water bottles,Bottle6,Oman,1439.0568983346493
-561.58768079868651,12,Water bottles,Bottle6,Oman,-561.58768079868651
2603.8777341652849,18,Water bottles,Bottle6,Norway,2603.8777341652849
1603.5554445986168,14,Water bottles,Bottle6,Norway,1603.5554445986168
-397.0891345347186,6,Water bottles,Bottle6,Norway,-397.0891345347186
1103.3942998152829,12,Water bottles,Bottle6,Norway,1103.3942998152829
-2528.6225233047894,2,Water bottles,Bottle6,Germany,-2528.6225233047894
-1528.3002337381217,6,Water bottles,Bottle6,Germany,-1528.3002337381217
1722.7472073535482,19,Water bottles,Bottle6,Germany,1722.7472073535482
-277.89737177978714,11,Water bottles,Bottle6,Germany,-277.89737177978714
-1778.3808061297887,5,Water bottles,Bottle6,Germany,-1778.3808061297887
-2121.0680440046854,3,Water bottles,Bottle6,Qatar,-2121.0680440046854
1380.059969478652,17,Water bottles,Bottle6,Qatar,1380.059969478652
879.89882469531767,15,Water bottles,Bottle6,Qatar,879.89882469531767
18039.146095141627,11,Jeans,Jeans1,Japan,18039.146095141627
19039.468384708296,15,Jeans,Jeans1,Japan,19039.468384708296
5364.2537657970342,5,Jeans,Jeans1,SriLanka,5364.2537657970342
5114.1731934053678,4,Jeans,Jeans1,SriLanka,5114.1731934053678
6114.4954829720355,8,Jeans,Jeans1,SriLanka,6114.4954829720355
5364.2537657970342,5,Jeans,Jeans1,SriLanka,5364.2537657970342
6364.5760553637019,9,Jeans,Jeans1,SriLanka,6364.5760553637019
5864.414910580369,7,Jeans,Jeans1,SriLanka,5864.414910580369
6114.4954829720355,8,Jeans,Jeans1,SriLanka,6114.4954829720355
-308.09890021665979,5,Jeans,Jeans1,Oman,-308.09890021665979
192.06224456667405,7,Jeans,Jeans1,Oman,192.06224456667405
3726.7999946772429,19,Jeans,Jeans1,Germany,3726.7999946772429
475.75255358557342,6,Jeans,Jeans1,Germany,475.75255358557342
3726.7999946772429,19,Jeans,Jeans1,Germany,3726.7999946772429
-774.6503083727614,1,Jeans,Jeans1,Germany,-774.6503083727614
4134.3544739773479,20,Jeans,Jeans1,Qatar,4134.3544739773479
2633.8710396273459,14,Jeans,Jeans1,Qatar,2633.8710396273459
133.06531571067671,4,Jeans,Jeans1,Qatar,133.06531571067671
383.14588810234363,5,Jeans,Jeans1,Qatar,383.14588810234363
1133.3876052773444,8,Jeans,Jeans1,Qatar,1133.3876052773444
-617.17640146432427,1,Jeans,Jeans1,Qatar,-617.17640146432427
21066.449687709679,20,Jeans,Jeans2,Japan,21066.449687709679
17315.241101834672,5,Jeans,Jeans2,Japan,17315.241101834672
6390.9127792317513,6,Jeans,Jeans2,SriLanka,6390.9127792317513
5640.67106205675,3,Jeans,Jeans2,SriLanka,5640.67106205675
6640.9933516234187,7,Jeans,Jeans2,SriLanka,6640.9933516234187
7391.235068798419,10,Jeans,Jeans2,SriLanka,7391.235068798419
6140.8322068400839,5,Jeans,Jeans2,SriLanka,6140.8322068400839
5640.67106205675,3,Jeans,Jeans2,SriLanka,5640.67106205675
3411.553416821951,12,Jeans,Jeans2,HongKong,3411.553416821951
1968.9629751763919,11,Jeans,Jeans2,Oman,1968.9629751763919
1968.9629751763919,11,Jeans,Jeans2,Oman,1968.9629751763919
15354.738188880088,7,Jeans,Jeans3,Japan,15354.738188880088
14354.415899313419,3,Jeans,Jeans3,Japan,14354.415899313419
17605.463340405091,16,Jeans,Jeans3,Japan,17605.463340405091
14604.496471705086,4,Jeans,Jeans3,Japan,14604.496471705086
16605.141050838422,12,Jeans,Jeans3,Japan,16605.141050838422
17855.543912796758,17,Jeans,Jeans3,Japan,17855.543912796758
15104.657616488421,6,Jeans,Jeans3,Japan,15104.657616488421
3680.168149102165,5,Jeans,Jeans3,SriLanka,3680.168149102165
3430.0875767104981,4,Jeans,Jeans3,SriLanka,3430.0875767104981
3680.168149102165,5,Jeans,Jeans3,SriLanka,3680.168149102165
3430.0875767104981,4,Jeans,Jeans3,SriLanka,3430.0875767104981
2201.2922210423676,17,Jeans,Jeans3,HongKong,2201.2922210423676
-1299.8357924409702,3,Jeans,Jeans3,HongKong,-1299.8357924409702
1951.2116486507,16,Jeans,Jeans3,HongKong,1951.2116486507
-1299.8357924409702,3,Jeans,Jeans3,HongKong,-1299.8357924409702
-241.62051016986061,12,Jeans,Jeans3,Oman,-241.62051016986061
1673.4420428357757,13,Jeans,Jeans3,Norway,1673.4420428357757
923.200325660775,10,Jeans,Jeans3,Norway,923.200325660775
-577.28310868922676,4,Jeans,Jeans3,Norway,-577.28310868922676
542.2309436323726,13,Jeans,Jeans3,Germany,542.2309436323726
1199.8659953241436,15,Jeans,Jeans3,Qatar,1199.8659953241436
17946.494875791781,15,Jeans,Jeans4,Japan,17946.494875791781
3771.119112097188,3,Jeans,Jeans4,SriLanka,3771.119112097188
3270.9579673138542,1,Jeans,Jeans4,SriLanka,3270.9579673138542
3771.119112097188,3,Jeans,Jeans4,SriLanka,3771.119112097188
3771.119112097188,3,Jeans,Jeans4,SriLanka,3771.119112097188
4271.2802568805218,5,Jeans,Jeans4,SriLanka,4271.2802568805218
5271.6025464471895,9,Jeans,Jeans4,SriLanka,5271.6025464471895
41.518032512387435,6,Jeans,Jeans4,HongKong,41.518032512387435
541.67917729572127,8,Jeans,Jeans4,HongKong,541.67917729572127
1291.9208944707223,11,Jeans,Jeans4,HongKong,1291.9208944707223
291.59860490405435,7,Jeans,Jeans4,HongKong,291.59860490405435
599.57217000016317,13,Jeans,Jeans4,Oman,599.57217000016317
1099.733314783497,15,Jeans,Jeans4,Oman,1099.733314783497
-117.05981054760537,8,Jeans,Jeans4,Germany,-117.05981054760537
1290.8169583191666,13,Jeans,Jeans4,Qatar,1290.8169583191666
1540.8975307108335,14,Jeans,Jeans4,Qatar,1540.8975307108335
-709.82762081416922,5,Jeans,Jeans4,Qatar,-709.82762081416922
16844.806215397042,11,Jeans,Jeans5,Japan,16844.806215397042
5170.23617561912,9,Jeans,Jeans5,SriLanka,5170.23617561912
4920.1556032274539,8,Jeans,Jeans5,SriLanka,4920.1556032274539
5170.23617561912,9,Jeans,Jeans5,SriLanka,5170.23617561912
5420.3167480107877,10,Jeans,Jeans5,SriLanka,5420.3167480107877
4419.99445844412,6,Jeans,Jeans5,SriLanka,4419.99445844412
3441.2796751676551,20,Jeans,Jeans5,HongKong,3441.2796751676551
690.393378859319,9,Jeans,Jeans5,HongKong,690.393378859319
690.393378859319,9,Jeans,Jeans5,HongKong,690.393378859319
-309.92891070734868,5,Jeans,Jeans5,HongKong,-309.92891070734868
-2002.5999247445757,3,Jeans,Jeans5,Oman,-2002.5999247445757
1748.6086611304286,18,Jeans,Jeans5,Oman,1748.6086611304286
2248.7698059137624,20,Jeans,Jeans5,Oman,2248.7698059137624
-502.11649039457393,9,Jeans,Jeans5,Oman,-502.11649039457393
1412.9460626110626,10,Jeans,Jeans5,Norway,1412.9460626110626
1412.9460626110626,10,Jeans,Jeans5,Norway,1412.9460626110626
162.54320065272771,5,Jeans,Jeans5,Norway,162.54320065272771
-1968.9901881173432,1,Jeans,Jeans5,Germany,-1968.9901881173432
-1718.9096157256763,2,Jeans,Jeans5,Germany,-1718.9096157256763
-968.66789855067555,5,Jeans,Jeans5,Germany,-968.66789855067555
-1561.4357088172392,2,Jeans,Jeans5,Qatar,-1561.4357088172392
-311.03284685890435,7,Jeans,Jeans5,Qatar,-311.03284685890435
19163.935268974234,17,Jeans,Jeans6,Japan,19163.935268974234
19914.176986149236,20,Jeans,Jeans6,Japan,19914.176986149236
4988.5595052796407,5,Jeans,Jeans6,SriLanka,4988.5595052796407
4988.5595052796407,5,Jeans,Jeans6,SriLanka,4988.5595052796407
4488.3983604963069,3,Jeans,Jeans6,SriLanka,4488.3983604963069
4738.4789328879742,4,Jeans,Jeans6,SriLanka,4738.4789328879742
4988.5595052796407,5,Jeans,Jeans6,SriLanka,4988.5595052796407
4988.5595052796407,5,Jeans,Jeans6,SriLanka,4988.5595052796407
5988.8817948463084,9,Jeans,Jeans6,SriLanka,5988.8817948463084
5988.8817948463084,9,Jeans,Jeans6,SriLanka,5988.8817948463084
-241.52500865516117,2,Jeans,Jeans6,HongKong,-241.52500865516117
3509.6835772198428,17,Jeans,Jeans6,HongKong,3509.6835772198428
2259.2807152615078,12,Jeans,Jeans6,HongKong,2259.2807152615078
4009.8447220031758,19,Jeans,Jeans6,HongKong,4009.8447220031758
2759.4418600448416,14,Jeans,Jeans6,HongKong,2759.4418600448416
-1183.9543055173872,3,Jeans,Jeans6,Oman,-1183.9543055173872
2817.3348527492831,19,Jeans,Jeans6,Oman,2817.3348527492831
4732.39740575492,20,Jeans,Jeans6,Norway,4732.39740575492
731.10824748824916,4,Jeans,Jeans6,Norway,731.10824748824916
3982.1556885799196,17,Jeans,Jeans6,Norway,3982.1556885799196
2231.5916818382507,10,Jeans,Jeans6,Norway,2231.5916818382507
2731.7528266215845,12,Jeans,Jeans6,Norway,2731.7528266215845
2481.6722542299181,11,Jeans,Jeans6,Norway,2481.6722542299181
-1150.344568890155,1,Jeans,Jeans6,Germany,-1150.344568890155
3351.1057341598494,19,Jeans,Jeans6,Germany,3351.1057341598494
1600.5417274181814,12,Jeans,Jeans6,Germany,1600.5417274181814
1257.8544895432847,10,Jeans,Jeans6,Qatar,1257.8544895432847
1242.1387697935872,6,Shoes,Nike Shoes,India,1242.1387697935872
241.81648022691957,2,Shoes,Nike Shoes,India,241.81648022691957
18836.521246896373,20,Perfumes,Perfume1,Japan,18836.521246896373
17586.118384938036,15,Perfumes,Perfume1,Japan,17586.118384938036
4911.2260555934463,9,Perfumes,Perfume1,SriLanka,4911.2260555934463
2910.5814764601105,1,Perfumes,Perfume1,SriLanka,2910.5814764601105
4911.2260555934463,9,Perfumes,Perfume1,SriLanka,4911.2260555934463
4411.0649108101125,7,Perfumes,Perfume1,SriLanka,4411.0649108101125
3160.6620488517774,2,Perfumes,Perfume1,SriLanka,3160.6620488517774
3910.9037660267782,5,Perfumes,Perfume1,SriLanka,3910.9037660267782
2432.02783796698,17,Perfumes,Perfume1,HongKong,2432.02783796698
2432.02783796698,17,Perfumes,Perfume1,HongKong,2432.02783796698
2181.9472655753134,16,Perfumes,Perfume1,HongKong,2181.9472655753134
-1511.368327595249,6,Perfumes,Perfume1,Oman,-1511.368327595249
989.43739632142024,16,Perfumes,Perfume1,Oman,989.43739632142024
-596.62806415628052,3,Perfumes,Perfume1,Norway,-596.62806415628052
653.77479780205408,8,Perfumes,Perfume1,Norway,653.77479780205408
2404.3388045437227,15,Perfumes,Perfume1,Norway,2404.3388045437227
772.96656055698577,13,Perfumes,Perfume1,Germany,772.96656055698577
-1070.2041116679127,5,Perfumes,Perfume1,Qatar,-1070.2041116679127
1930.7627570320906,17,Perfumes,Perfume1,Qatar,1930.7627570320906
18970.969067487422,19,Perfumes,Perfume2,Japan,18970.969067487422
14969.679909220751,3,Perfumes,Perfume2,Japan,14969.679909220751
17720.566205529089,14,Perfumes,Perfume2,Japan,17720.566205529089
14969.679909220751,3,Perfumes,Perfume2,Japan,14969.679909220751
16470.163343570752,9,Perfumes,Perfume2,Japan,16470.163343570752
3295.1098694428274,1,Perfumes,Perfume2,SriLanka,3295.1098694428274
4795.5933037928289,7,Perfumes,Perfume2,SriLanka,4795.5933037928289
5295.7544485761637,9,Perfumes,Perfume2,SriLanka,5295.7544485761637
3545.1904418344948,2,Perfumes,Perfume2,SriLanka,3545.1904418344948
5295.7544485761637,9,Perfumes,Perfume2,SriLanka,5295.7544485761637
315.75050703302759,7,Perfumes,Perfume2,HongKong,315.75050703302759
3316.71737573303,19,Perfumes,Perfume2,HongKong,3316.71737573303
-434.49121014197317,4,Perfumes,Perfume2,HongKong,-434.49121014197317
-2377.2427965708671,1,Perfumes,Perfume2,Oman,-2377.2427965708671
-126.51764504586436,10,Perfumes,Perfume2,Oman,-126.51764504586436
-126.51764504586436,10,Perfumes,Perfume2,Oman,-126.51764504586436
2288.7060527431058,13,Perfumes,Perfume2,Norway,2288.7060527431058
3789.1894870931069,19,Perfumes,Perfume2,Norway,3789.1894870931069
2157.8172431063704,17,Perfumes,Perfume2,Germany,2157.8172431063704
-342.98848081029905,7,Perfumes,Perfume2,Germany,-342.98848081029905
2657.9783878897038,19,Perfumes,Perfume2,Germany,2657.9783878897038
407.25323636470193,10,Perfumes,Perfume2,Germany,407.25323636470193
-185.51457390186192,7,Perfumes,Perfume2,Qatar,-185.51457390186192
19536.054048068356,10,Perfumes,Perfume3,Japan,19536.054048068356
18285.651186110019,5,Perfumes,Perfume3,Japan,18285.651186110019
22036.859771985026,20,Perfumes,Perfume3,Japan,22036.859771985026
20036.215192851687,12,Perfumes,Perfume3,Japan,20036.215192851687
20786.456910026689,15,Perfumes,Perfume3,Japan,20786.456910026689
21036.537482418356,16,Perfumes,Perfume3,Japan,21036.537482418356
19536.054048068356,10,Perfumes,Perfume3,Japan,19536.054048068356
22036.859771985026,20,Perfumes,Perfume3,Japan,22036.859771985026
7111.2422911154308,5,Perfumes,Perfume3,SriLanka,7111.2422911154308
6611.081146332097,3,Perfumes,Perfume3,SriLanka,6611.081146332097
8111.5645806820985,9,Perfumes,Perfume3,SriLanka,8111.5645806820985
8111.5645806820985,9,Perfumes,Perfume3,SriLanka,8111.5645806820985
2631.399494355629,5,Perfumes,Perfume3,HongKong,2631.399494355629
5190.09821097674,20,Perfumes,Perfume3,Oman,5190.09821097674
5190.09821097674,20,Perfumes,Perfume3,Oman,5190.09821097674
5190.09821097674,20,Perfumes,Perfume3,Oman,5190.09821097674
5104.5161848490416,13,Perfumes,Perfume3,Norway,5104.5161848490416
3880.6984201624077,12,Perfumes,Perfume3,Qatar,3880.6984201624077
4630.9401373374094,15,Perfumes,Perfume3,Qatar,4630.9401373374094
19819.977814846479,19,Perfumes,Perfume4,Japan,19819.977814846479
19319.816670063148,17,Perfumes,Perfume4,Japan,19319.816670063148
17319.172090929813,9,Perfumes,Perfume4,Japan,17319.172090929813
18569.574952888146,14,Perfumes,Perfume4,Japan,18569.574952888146
20070.05838723815,20,Perfumes,Perfume4,Japan,20070.05838723815
4644.2797615852205,3,Perfumes,Perfume4,SriLanka,4644.2797615852205
6394.8437683268885,10,Perfumes,Perfume4,SriLanka,6394.8437683268885
4144.1186168018867,1,Perfumes,Perfume4,SriLanka,4144.1186168018867
6394.8437683268885,10,Perfumes,Perfume4,SriLanka,6394.8437683268885
164.43696482541873,3,Perfumes,Perfume4,HongKong,164.43696482541873
-1028.0729044284742,3,Perfumes,Perfume4,Oman,-1028.0729044284742
-527.91175964514036,5,Perfumes,Perfume4,Oman,-527.91175964514036
1472.7328194881952,13,Perfumes,Perfume4,Oman,1472.7328194881952
-277.83118725347322,6,Perfumes,Perfume4,Oman,-277.83118725347322
-1278.1534768201409,2,Perfumes,Perfume4,Oman,-1278.1534768201409
1722.8133918798621,14,Perfumes,Perfume4,Oman,1722.8133918798621
2637.5536553188308,11,Perfumes,Perfume4,Norway,2637.5536553188308
1637.2313657521631,7,Perfumes,Perfume4,Norway,1637.2313657521631
2887.6342277104977,12,Perfumes,Perfume4,Norway,2887.6342277104977
386.8285037938283,2,Perfumes,Perfume4,Norway,386.8285037938283
2637.5536553188308,11,Perfumes,Perfume4,Norway,2637.5536553188308
3387.7953724938316,14,Perfumes,Perfume4,Norway,3387.7953724938316
1506.3425561154277,11,Perfumes,Perfume4,Germany,1506.3425561154277
506.02026654876,7,Perfumes,Perfume4,Germany,506.02026654876
1756.4231285070946,12,Perfumes,Perfume4,Germany,1756.4231285070946
506.02026654876,7,Perfumes,Perfume4,Germany,506.02026654876
2756.7454180737627,16,Perfumes,Perfume4,Germany,2756.7454180737627
2664.1387525905325,15,Perfumes,Perfume4,Qatar,2664.1387525905325
3414.3804697655337,18,Perfumes,Perfume4,Qatar,3414.3804697655337
3664.4610421572,19,Perfumes,Perfume4,Qatar,3664.4610421572
17179.558545107371,14,Perfumes,Perfume5,Japan,17179.558545107371
15679.075110757367,8,Perfumes,Perfume5,Japan,15679.075110757367
17929.800262282373,17,Perfumes,Perfume5,Japan,17929.800262282373
14428.672248799034,3,Perfumes,Perfume5,Japan,14428.672248799034
2754.1022090211104,1,Perfumes,Perfume5,SriLanka,2754.1022090211104
4254.5856433711124,7,Perfumes,Perfume5,SriLanka,4254.5856433711124
4754.7467881544462,9,Perfumes,Perfume5,SriLanka,4754.7467881544462
3004.1827814127773,2,Perfumes,Perfume5,SriLanka,3004.1827814127773
1025.1457085696454,12,Perfumes,Perfume5,HongKong,1025.1457085696454
1275.2262809613123,13,Perfumes,Perfume5,HongKong,1275.2262809613123
1275.2262809613123,13,Perfumes,Perfume5,HongKong,1275.2262809613123
2275.54857052798,17,Perfumes,Perfume5,HongKong,2275.54857052798
1333.1192736657545,18,Perfumes,Perfume5,Oman,1333.1192736657545
1083.0387012740871,17,Perfumes,Perfume5,Oman,1083.0387012740871
82.716411707419411,13,Perfumes,Perfume5,Oman,82.716411707419411
1616.8095826846534,17,Perfumes,Perfume5,Germany,1616.8095826846534
523.88062763475591,12,Perfumes,Perfume5,Qatar,523.88062763475591
273.800055243089,11,Perfumes,Perfume5,Qatar,273.800055243089
-1476.7639514985794,4,Perfumes,Perfume5,Qatar,-1476.7639514985794
-2227.0056686735807,1,Perfumes,Perfume5,Qatar,-2227.0056686735807
773.96120002642283,13,Perfumes,Perfume5,Qatar,773.96120002642283
4436.5060358239934,8,Perfumes,Perfume6,SriLanka,4436.5060358239934
3186.1031738656584,3,Perfumes,Perfume6,SriLanka,3186.1031738656584
4936.6671806073273,10,Perfumes,Perfume6,SriLanka,4936.6671806073273
3686.2643186489922,5,Perfumes,Perfume6,SriLanka,3686.2643186489922
2685.9420290823241,1,Perfumes,Perfume6,SriLanka,2685.9420290823241
1457.1466734141929,14,Perfumes,Perfume6,HongKong,1457.1466734141929
2457.4689629808609,18,Perfumes,Perfume6,HongKong,2457.4689629808609
-2486.2494921480361,3,Perfumes,Perfume6,Oman,-2486.2494921480361
-1235.8466301897015,8,Perfumes,Perfume6,Oman,-1235.8466301897015
-1235.8466301897015,8,Perfumes,Perfume6,Oman,-1235.8466301897015
1765.120238510302,20,Perfumes,Perfume6,Oman,1765.120238510302
-1986.0883473647023,5,Perfumes,Perfume6,Oman,-1986.0883473647023
1014.8785213353008,17,Perfumes,Perfume6,Oman,1014.8785213353008
3180.021646732604,19,Perfumes,Perfume6,Norway,3180.021646732604
3180.021646732604,19,Perfumes,Perfume6,Norway,3180.021646732604
-1071.3480839257338,2,Perfumes,Perfume6,Norway,-1071.3480839257338
1679.5382123826025,13,Perfumes,Perfume6,Norway,1679.5382123826025
2429.7799295576033,16,Perfumes,Perfume6,Norway,2429.7799295576033
-571.1869391424,4,Perfumes,Perfume6,Norway,-571.1869391424
-2202.5591831291367,2,Perfumes,Perfume6,Germany,-2202.5591831291367
2048.8105475292009,19,Perfumes,Perfume6,Germany,2048.8105475292009
2206.284454437638,19,Perfumes,Perfume6,Qatar,2206.284454437638
205.63987530430268,11,Perfumes,Perfume6,Qatar,205.63987530430268
1205.9621648709704,15,Perfumes,Perfume6,Qatar,1205.9621648709704
14817.183144889725,4,Smart Phone,Phone1,Japan,14817.183144889725
16567.747151631393,11,Smart Phone,Phone1,Japan,16567.747151631393
18568.391730764728,19,Smart Phone,Phone1,Japan,18568.391730764728
3164.2206114020028,20,Smart Phone,Phone1,HongKong,3164.2206114020028
1163.5760322686676,12,Smart Phone,Phone1,HongKong,1163.5760322686676
-2029.5784161185607,4,Smart Phone,Phone1,Oman,-2029.5784161185607
-2029.5784161185607,4,Smart Phone,Phone1,Oman,-2029.5784161185607
-1029.256126551893,8,Smart Phone,Phone1,Oman,-1029.256126551893
1971.71074214811,20,Smart Phone,Phone1,Oman,1971.71074214811
971.38845258144238,16,Smart Phone,Phone1,Oman,971.38845258144238
2386.2898608037453,15,Smart Phone,Phone1,Norway,2386.2898608037453
-1245.7269623163274,5,Smart Phone,Phone1,Germany,-1245.7269623163274
1505.1593339920087,16,Smart Phone,Phone1,Germany,1505.1593339920087
-2246.0492518829951,1,Smart Phone,Phone1,Germany,-2246.0492518829951
-1338.3336277995572,4,Smart Phone,Phone1,Qatar,-1338.3336277995572
-1838.4947725828911,2,Smart Phone,Phone1,Qatar,-1838.4947725828911
16473.536442862314,12,Smart Phone,Phone2,Japan,16473.536442862314
-1681.5209728087466,2,Smart Phone,Phone2,HongKong,-1681.5209728087466
819.28475110792283,12,Smart Phone,Phone2,HongKong,819.28475110792283
2319.7681854579241,18,Smart Phone,Phone2,HongKong,2319.7681854579241
-2874.0308420626397,2,Smart Phone,Phone2,Oman,-2874.0308420626397
-1623.6279801043047,7,Smart Phone,Phone2,Oman,-1623.6279801043047
3292.4014416013347,20,Smart Phone,Phone2,Norway,3292.4014416013347
1291.7568624679993,12,Smart Phone,Phone2,Norway,1291.7568624679993
1541.8374348596662,13,Smart Phone,Phone2,Norway,1541.8374348596662
1791.9180072513332,14,Smart Phone,Phone2,Norway,1791.9180072513332
1160.8680528312639,16,Smart Phone,Phone2,Germany,1160.8680528312639
-2090.1793882604061,3,Smart Phone,Phone2,Germany,-2090.1793882604061
410.62633565626311,13,Smart Phone,Phone2,Germany,410.62633565626311
-1089.8570986937386,7,Smart Phone,Phone2,Germany,-1089.8570986937386
1318.341959739701,16,Smart Phone,Phone2,Qatar,1318.341959739701
-432.22204700196767,9,Smart Phone,Phone2,Qatar,-432.22204700196767
818.18081495636716,14,Smart Phone,Phone2,Qatar,818.18081495636716
18193.410126227529,18,Smart Phone,Phone3,Japan,18193.410126227529
13942.040395569191,1,Smart Phone,Phone3,Japan,13942.040395569191
16442.846119485861,11,Smart Phone,Phone3,Japan,16442.846119485861
17193.087836660859,14,Smart Phone,Phone3,Japan,17193.087836660859
18193.410126227529,18,Smart Phone,Phone3,Japan,18193.410126227529
3039.3195792564711,20,Smart Phone,Phone3,HongKong,3039.3195792564711
2789.2390068648037,19,Smart Phone,Phone3,HongKong,2789.2390068648037
2289.0778620814708,17,Smart Phone,Phone3,HongKong,2289.0778620814708
596.40684804424336,15,Smart Phone,Phone3,Oman,596.40684804424336
1846.809710002578,20,Smart Phone,Phone3,Oman,1846.809710002578
596.40684804424336,15,Smart Phone,Phone3,Oman,596.40684804424336
3261.71111822488,19,Smart Phone,Phone3,Norway,3261.71111822488
2011.3082562665459,14,Smart Phone,Phone3,Norway,2011.3082562665459
260.74424952487732,7,Smart Phone,Phone3,Norway,260.74424952487732
510.82482191654435,8,Smart Phone,Phone3,Norway,510.82482191654435
-739.57804004179047,3,Smart Phone,Phone3,Norway,-739.57804004179047
-989.65861243345739,2,Smart Phone,Phone3,Norway,-989.65861243345739
2380.5805914131442,20,Smart Phone,Phone3,Germany,2380.5805914131442
1130.1777294548097,15,Smart Phone,Phone3,Germany,1130.1777294548097
2130.5000190214769,19,Smart Phone,Phone3,Germany,2130.5000190214769
-1963.3958047284232,2,Smart Phone,Phone3,Qatar,-1963.3958047284232
2287.973925929914,19,Smart Phone,Phone3,Qatar,2287.973925929914
2287.973925929914,19,Smart Phone,Phone3,Qatar,2287.973925929914
16151.89468494177,9,Smart Phone,Phone4,Japan,16151.89468494177
-502.67929637928864,5,Smart Phone,Phone4,HongKong,-502.67929637928864
1555.8582754584886,18,Smart Phone,Phone4,Oman,1555.8582754584886
3470.9208284641245,19,Smart Phone,Phone4,Norway,3470.9208284641245
-530.36832980254576,3,Smart Phone,Phone4,Norway,-530.36832980254576
720.03453215578884,8,Smart Phone,Phone4,Norway,720.03453215578884
-530.36832980254576,3,Smart Phone,Phone4,Norway,-530.36832980254576
3721.0014008557923,20,Smart Phone,Phone4,Norway,3721.0014008557923
-530.36832980254576,3,Smart Phone,Phone4,Norway,-530.36832980254576
1839.5485844773884,17,Smart Phone,Phone4,Germany,1839.5485844773884
339.06515012738646,11,Smart Phone,Phone4,Germany,339.06515012738646
-161.09599465594738,9,Smart Phone,Phone4,Germany,-161.09599465594738
-503.78323253084409,7,Smart Phone,Phone4,Qatar,-503.78323253084409
2497.1836361691585,19,Smart Phone,Phone4,Qatar,2497.1836361691585
-1254.0249497058448,4,Smart Phone,Phone4,Qatar,-1254.0249497058448
16300.500572791349,5,Smart Phone,Phone5,Japan,16300.500572791349
19301.467441491357,17,Smart Phone,Phone5,Japan,19301.467441491357
19551.548013883021,18,Smart Phone,Phone5,Japan,19551.548013883021
15550.25885561635,2,Smart Phone,Phone5,Japan,15550.25885561635
646.24888103695957,5,Smart Phone,Phone5,HongKong,646.24888103695957
4147.3768945202964,19,Smart Phone,Phone5,HongKong,4147.3768945202964
1146.4100258202936,7,Smart Phone,Phone5,HongKong,1146.4100258202936
1704.4641633080691,14,Smart Phone,Phone5,Oman,1704.4641633080691
-1546.5832777836013,1,Smart Phone,Phone5,Oman,-1546.5832777836013
-1296.5027053919339,2,Smart Phone,Phone5,Oman,-1296.5027053919339
2369.1238543553709,10,Smart Phone,Phone5,Norway,2369.1238543553709
2869.2849991387047,12,Smart Phone,Phone5,Norway,2869.2849991387047
118.39870283036817,1,Smart Phone,Phone5,Norway,118.39870283036817
4869.929578272041,20,Smart Phone,Phone5,Norway,4869.929578272041
-762.73182398136782,2,Smart Phone,Phone5,Germany,-762.73182398136782
2738.3961895019697,16,Smart Phone,Phone5,Germany,2738.3961895019697
1645.4672344520718,11,Smart Phone,Phone5,Qatar,1645.4672344520718
895.225517277071,8,Smart Phone,Phone5,Qatar,895.225517277071
-692.70178393411152,4,Smart Phone,Phone6,HongKong,-692.70178393411152
3058.5068019408918,19,Smart Phone,Phone6,HongKong,3058.5068019408918
2808.4262295492254,18,Smart Phone,Phone6,HongKong,2808.4262295492254
-384.7282188380027,10,Smart Phone,Phone6,Oman,-384.7282188380027
1280.2537617759667,10,Smart Phone,Phone6,Norway,1280.2537617759667
3781.0594856926359,20,Smart Phone,Phone6,Norway,3781.0594856926359
-1601.5213441691049,3,Smart Phone,Phone6,Germany,-1601.5213441691049
1649.5260969225651,16,Smart Phone,Phone6,Germany,1649.5260969225651
2149.6872417058989,18,Smart Phone,Phone6,Germany,2149.6872417058989
-1193.966864869001,4,Smart Phone,Phone6,Qatar,-1193.966864869001
806.67771426433455,12,Smart Phone,Phone6,Qatar,806.67771426433455
-1944.208582044002,1,Smart Phone,Phone6,Qatar,-1944.208582044002
-1694.1280096523351,2,Smart Phone,Phone6,Qatar,-1694.1280096523351
18215.823109910812,12,Shoes,Shoes1,Japan,18215.823109910812
6541.2530701328906,10,Shoes,Shoes1,SriLanka,6541.2530701328906
6291.1724977412241,9,Shoes,Shoes1,SriLanka,6291.1724977412241
5791.0113529578894,7,Shoes,Shoes1,SriLanka,5791.0113529578894
3811.9742801147577,17,Shoes,Shoes1,HongKong,3811.9742801147577
2311.4908457647562,11,Shoes,Shoes1,HongKong,2311.4908457647562
-1381.8247474058066,1,Shoes,Shoes1,Oman,-1381.8247474058066
118.65868694419532,7,Shoes,Shoes1,Oman,118.65868694419532
2533.8823847331655,10,Shoes,Shoes1,Norway,2533.8823847331655
1783.6406675581648,7,Shoes,Shoes1,Norway,1783.6406675581648
1783.6406675581648,7,Shoes,Shoes1,Norway,1783.6406675581648
1283.4795227748307,5,Shoes,Shoes1,Norway,1283.4795227748307
3903.4770094464316,20,Shoes,Shoes1,Germany,3903.4770094464316
3653.3964370547642,19,Shoes,Shoes1,Germany,3653.3964370547642
1652.7518579214293,11,Shoes,Shoes1,Germany,1652.7518579214293
-190.41881430346916,3,Shoes,Shoes1,Qatar,-190.41881430346916
1810.2257648298664,11,Shoes,Shoes1,Qatar,1810.2257648298664
309.74233047986468,5,Shoes,Shoes1,Qatar,309.74233047986468
14260.465650616054,5,Shoes,Shoes2,Japan,14260.465650616054
18011.674236491061,20,Shoes,Shoes2,Japan,18011.674236491061
13760.304505832719,3,Shoes,Shoes2,Japan,13760.304505832719
14260.465650616054,5,Shoes,Shoes2,Japan,14260.465650616054
17511.513091707726,18,Shoes,Shoes2,Japan,17511.513091707726
2335.8150384464643,2,Shoes,Shoes2,SriLanka,2335.8150384464643
3336.137328013132,6,Shoes,Shoes2,SriLanka,3336.137328013132
2085.7344660547969,1,Shoes,Shoes2,SriLanka,2085.7344660547969
2835.9761832297982,4,Shoes,Shoes2,SriLanka,2835.9761832297982
3836.2984727964658,8,Shoes,Shoes2,SriLanka,3836.2984727964658
2335.8150384464643,2,Shoes,Shoes2,SriLanka,2335.8150384464643
-2144.0277583133375,2,Shoes,Shoes2,HongKong,-2144.0277583133375
-643.5443239633355,8,Shoes,Shoes2,HongKong,-643.5443239633355
664.75153069944145,18,Shoes,Shoes2,Oman,664.75153069944145
-1421.4750745615938,3,Shoes,Shoes2,Norway,-1421.4750745615938
-2302.60560137333,4,Shoes,Shoes2,Germany,-2302.60560137333
-2802.7667461566639,2,Shoes,Shoes2,Germany,-2802.7667461566639
-802.1221670233283,10,Shoes,Shoes2,Germany,-802.1221670233283
1198.5224121100077,18,Shoes,Shoes2,Germany,1198.5224121100077
-2145.1316944648929,4,Shoes,Shoes2,Qatar,-2145.1316944648929
1355.9963190184449,18,Shoes,Shoes2,Qatar,1355.9963190184449
605.75460184344365,15,Shoes,Shoes2,Qatar,605.75460184344365
1606.0768914101113,19,Shoes,Shoes2,Qatar,1606.0768914101113
-1394.8899772898922,7,Shoes,Shoes2,Qatar,-1394.8899772898922
16323.966442785018,14,Shoes,Shoes3,Japan,16323.966442785018
15573.72472561002,11,Shoes,Shoes3,Japan,15573.72472561002
13823.160718868352,4,Shoes,Shoes3,Japan,13823.160718868352
13573.080146476685,3,Shoes,Shoes3,Japan,13573.080146476685
13823.160718868352,4,Shoes,Shoes3,Japan,13823.160718868352
2148.5906790904278,2,Shoes,Shoes3,SriLanka,2148.5906790904278
3148.9129686570955,6,Shoes,Shoes3,SriLanka,3148.9129686570955
2898.8323962654285,5,Shoes,Shoes3,SriLanka,2898.8323962654285
2398.6712514820947,3,Shoes,Shoes3,SriLanka,2398.6712514820947
1169.8758958139636,16,Shoes,Shoes3,HongKong,1169.8758958139636
-22.633973439929377,16,Shoes,Shoes3,Oman,-22.633973439929377
727.60774373507093,19,Shoes,Shoes3,Oman,727.60774373507093
141.86457282403819,10,Shoes,Shoes3,Norway,141.86457282403819
2642.6702967407077,20,Shoes,Shoes3,Norway,2642.6702967407077
-1858.7800063092973,2,Shoes,Shoes3,Norway,-1858.7800063092973
1392.2674347823729,15,Shoes,Shoes3,Norway,1392.2674347823729
-1739.5882435543658,7,Shoes,Shoes3,Germany,-1739.5882435543658
-1239.427098771032,9,Shoes,Shoes3,Germany,-1239.427098771032
261.05633557896977,15,Shoes,Shoes3,Germany,261.05633557896977
-1989.6688159460327,6,Shoes,Shoes3,Germany,-1989.6688159460327
1418.8525320540743,19,Shoes,Shoes3,Qatar,1418.8525320540743
168.44967009573998,14,Shoes,Shoes3,Qatar,168.44967009573998
-2582.4366262125964,3,Shoes,Shoes3,Qatar,-2582.4366262125964
-1582.1143366459287,7,Shoes,Shoes3,Qatar,-1582.1143366459287
-1081.9531918625948,9,Shoes,Shoes3,Qatar,-1081.9531918625948
18712.337391430494,15,Shoes,Shoes4,Japan,18712.337391430494
5537.2839173025677,7,Shoes,Shoes4,SriLanka,5537.2839173025677
6287.5256344775689,10,Shoes,Shoes4,SriLanka,6287.5256344775689
5287.2033449109013,6,Shoes,Shoes4,SriLanka,5287.2033449109013
5037.1227725192339,5,Shoes,Shoes4,SriLanka,5037.1227725192339
6037.4450620859016,9,Shoes,Shoes4,SriLanka,6037.4450620859016
5787.3644896942342,8,Shoes,Shoes4,SriLanka,5787.3644896942342
557.27997575943232,5,Shoes,Shoes4,HongKong,557.27997575943232
-443.04231380723559,1,Shoes,Shoes4,HongKong,-443.04231380723559
807.36054815109924,6,Shoes,Shoes4,HongKong,807.36054815109924
2615.81754759721,18,Shoes,Shoes4,Oman,2615.81754759721
-135.06874871112677,7,Shoes,Shoes4,Oman,-135.06874871112677
-635.22989349446061,5,Shoes,Shoes4,Oman,-635.22989349446061
2615.81754759721,18,Shoes,Shoes4,Oman,2615.81754759721
365.09239607220707,9,Shoes,Shoes4,Oman,365.09239607220707
279.51036994450806,2,Shoes,Shoes4,Norway,279.51036994450806
3780.6383834278454,16,Shoes,Shoes4,Norway,3780.6383834278454
3530.557811036178,15,Shoes,Shoes4,Norway,3530.557811036178
2899.5078566161087,17,Shoes,Shoes4,Germany,2899.5078566161087
2399.3467118327749,15,Shoes,Shoes4,Germany,2399.3467118327749
2806.9011911328794,16,Shoes,Shoes4,Qatar,2806.9011911328794
16974.739921726359,12,Shoes,Shoes5,Japan,16974.739921726359
16724.659349334692,11,Shoes,Shoes5,Japan,16724.659349334692
3549.6058752067675,3,Shoes,Shoes5,SriLanka,3549.6058752067675
5050.089309556769,9,Shoes,Shoes5,SriLanka,5050.089309556769
3799.6864475984344,4,Shoes,Shoes5,SriLanka,3799.6864475984344
5300.1698819484363,10,Shoes,Shoes5,SriLanka,5300.1698819484363
4049.7670199901013,5,Shoes,Shoes5,SriLanka,4049.7670199901013
3299.5253028151005,2,Shoes,Shoes5,SriLanka,3299.5253028151005
4800.0087371651025,8,Shoes,Shoes5,SriLanka,4800.0087371651025
2570.8910919303025,17,Shoes,Shoes5,HongKong,2570.8910919303025
820.32708518863433,10,Shoes,Shoes5,HongKong,820.32708518863433
3071.0522367136364,19,Shoes,Shoes5,HongKong,3071.0522367136364
1628.4617950680772,18,Shoes,Shoes5,Oman,1628.4617950680772
-2372.827363198594,2,Shoes,Shoes5,Oman,-2372.827363198594
1878.5423674597437,19,Shoes,Shoes5,Oman,1878.5423674597437
-1122.4245012402594,7,Shoes,Shoes5,Oman,-1122.4245012402594
-122.10221167359168,11,Shoes,Shoes5,Oman,-122.10221167359168
3543.5243480737131,19,Shoes,Shoes5,Norway,3543.5243480737131
-957.92595497629191,1,Shoes,Shoes5,Norway,-957.92595497629191
-338.57304743802615,8,Shoes,Shoes5,Germany,-338.57304743802615
-1431.5020024879236,3,Shoes,Shoes5,Qatar,-1431.5020024879236
2819.8677281704145,20,Shoes,Shoes5,Qatar,2819.8677281704145
18446.026812594057,14,Shoes,Shoes6,Japan,18446.026812594057
18195.946240202389,13,Shoes,Shoes6,Japan,18195.946240202389
5020.8927660744657,5,Shoes,Shoes6,SriLanka,5020.8927660744657
6021.2150556411334,9,Shoes,Shoes6,SriLanka,6021.2150556411334
4770.8121936827984,4,Shoes,Shoes6,SriLanka,4770.8121936827984
6021.2150556411334,9,Shoes,Shoes6,SriLanka,6021.2150556411334
4270.6510488994645,2,Shoes,Shoes6,SriLanka,4270.6510488994645
2291.6139760563319,12,Shoes,Shoes6,HongKong,2291.6139760563319
2541.6945484479993,13,Shoes,Shoes6,HongKong,2541.6945484479993
-1151.6210447225631,3,Shoes,Shoes6,Oman,-1151.6210447225631
-1401.70161711423,2,Shoes,Shoes6,Oman,-1401.70161711423
1349.1846791941066,13,Shoes,Shoes6,Oman,1349.1846791941066
2349.5069687607743,17,Shoes,Shoes6,Oman,2349.5069687607743
-401.3793275475623,6,Shoes,Shoes6,Oman,-401.3793275475623
-617.85016331199677,3,Shoes,Shoes6,Germany,-617.85016331199677
2790.6711846881103,16,Shoes,Shoes6,Qatar,2790.6711846881103
1790.3488951214426,12,Shoes,Shoes6,Qatar,1790.3488951214426
2290.5100399047765,14,Shoes,Shoes6,Qatar,2290.5100399047765
2790.6711846881103,16,Shoes,Shoes6,Qatar,2790.6711846881103
4216.4408401431756,3,Smart Phone,SmartPhone1,SriLanka,4216.4408401431756
5967.0048468848445,10,Smart Phone,SmartPhone1,SriLanka,5967.0048468848445
4466.5214125348421,4,Smart Phone,SmartPhone1,SriLanka,4466.5214125348421
4966.6825573181768,6,Smart Phone,SmartPhone1,SriLanka,4966.6825573181768
5466.84370210151,8,Smart Phone,SmartPhone1,SriLanka,5466.84370210151
4216.4408401431756,3,Smart Phone,SmartPhone1,SriLanka,4216.4408401431756
4216.4408401431756,3,Smart Phone,SmartPhone1,SriLanka,4216.4408401431756
4466.5214125348421,4,Smart Phone,SmartPhone1,SriLanka,4466.5214125348421
3353.810182820599,5,Smart Phone,SmartPhone2,SriLanka,3353.810182820599
2353.4878932539314,1,Smart Phone,SmartPhone2,SriLanka,2353.4878932539314
2853.6490380372652,3,Smart Phone,SmartPhone2,SriLanka,2853.6490380372652
3101.1638767969321,4,Smart Phone,SmartPhone3,SriLanka,3101.1638767969321
6397.11676738162,10,Smart Phone,SmartPhone4,SriLanka,6397.11676738162
5146.7139054232857,5,Smart Phone,SmartPhone4,SriLanka,5146.7139054232857
4896.6333330316183,4,Smart Phone,SmartPhone4,SriLanka,4896.6333330316183
7932.079972350256,10,Smart Phone,SmartPhone5,SriLanka,7932.079972350256
6931.7576827835883,6,Smart Phone,SmartPhone5,SriLanka,6931.7576827835883
7181.8382551752557,7,Smart Phone,SmartPhone5,SriLanka,7181.8382551752557
6431.5965380002544,4,Smart Phone,SmartPhone5,SriLanka,6431.5965380002544
7932.079972350256,10,Smart Phone,SmartPhone5,SriLanka,7932.079972350256
7932.079972350256,10,Smart Phone,SmartPhone5,SriLanka,7932.079972350256
5059.3588459782013,6,Smart Phone,SmartPhone6,SriLanka,5059.3588459782013
4559.1977011948675,4,Smart Phone,SmartPhone6,SriLanka,4559.1977011948675
4059.0365564115341,2,Smart Phone,SmartPhone6,SriLanka,4059.0365564115341
4559.1977011948675,4,Smart Phone,SmartPhone6,SriLanka,4559.1977011948675
5809.6005631532025,9,Smart Phone,SmartPhone6,SriLanka,5809.6005631532025
4059.0365564115341,2,Smart Phone,SmartPhone6,SriLanka,4059.0365564115341
3808.9559840198672,1,Smart Phone,SmartPhone6,SriLanka,3808.9559840198672
5309.4394183698687,7,Smart Phone,SmartPhone6,SriLanka,5309.4394183698687
3808.9559840198672,1,Smart Phone,SmartPhone6,SriLanka,3808.9559840198672
17122.403221754081,11,Tshirts,Tshirt1,Japan,17122.403221754081
15121.758642620745,3,Tshirts,Tshirt1,Japan,15121.758642620745
17872.644938929079,14,Tshirts,Tshirt1,Japan,17872.644938929079
4447.5108924094884,5,Tshirts,Tshirt1,SriLanka,4447.5108924094884
4697.5914648011549,6,Tshirts,Tshirt1,SriLanka,4697.5914648011549
5197.7526095844887,8,Tshirts,Tshirt1,SriLanka,5197.7526095844887
5697.9137543678235,10,Tshirts,Tshirt1,SriLanka,5697.9137543678235
5697.9137543678235,10,Tshirts,Tshirt1,SriLanka,5697.9137543678235
4197.4303200178219,4,Tshirts,Tshirt1,SriLanka,4197.4303200178219
5197.7526095844887,8,Tshirts,Tshirt1,SriLanka,5197.7526095844887
-532.493049133647,3,Tshirts,Tshirt1,HongKong,-532.493049133647
1025.8833779207962,14,Tshirts,Tshirt1,Oman,1025.8833779207962
1275.9639503124636,15,Tshirts,Tshirt1,Oman,1275.9639503124636
3691.1876481014338,18,Tshirts,Tshirt1,Norway,3691.1876481014338
4191.348792884768,20,Tshirts,Tshirt1,Norway,4191.348792884768
2059.8154041146963,16,Tshirts,Tshirt1,Germany,2059.8154041146963
309.25139737302788,9,Tshirts,Tshirt1,Germany,309.25139737302788
2059.8154041146963,16,Tshirts,Tshirt1,Germany,2059.8154041146963
1309.5736869396956,13,Tshirts,Tshirt1,Germany,1309.5736869396956
809.41254215636172,11,Tshirts,Tshirt1,Germany,809.41254215636172
2467.3698834148008,17,Tshirts,Tshirt1,Qatar,2467.3698834148008
2967.5310281981342,19,Tshirts,Tshirt1,Qatar,2967.5310281981342
-283.51641289353574,6,Tshirts,Tshirt1,Qatar,-283.51641289353574
2717.4504558064677,18,Tshirts,Tshirt1,Qatar,2717.4504558064677
2467.3698834148008,17,Tshirts,Tshirt1,Qatar,2467.3698834148008
1967.208738631467,15,Tshirts,Tshirt1,Qatar,1967.208738631467
13527.243730266127,2,Tshirts,Tshirt2,Japan,13527.243730266127
16278.130026574465,13,Tshirts,Tshirt2,Japan,16278.130026574465
2102.7542628798706,1,Tshirts,Tshirt2,SriLanka,2102.7542628798706
3853.318269621539,8,Tshirts,Tshirt2,SriLanka,3853.318269621539
3103.0765524465382,5,Tshirts,Tshirt2,SriLanka,3103.0765524465382
4353.4794144048728,10,Tshirts,Tshirt2,SriLanka,4353.4794144048728
3603.2376972298721,7,Tshirts,Tshirt2,SriLanka,3603.2376972298721
123.7171900367382,11,Tshirts,Tshirt2,HongKong,123.7171900367382
1874.2811967784071,18,Tshirts,Tshirt2,HongKong,1874.2811967784071
2124.3617691700738,19,Tshirts,Tshirt2,HongKong,2124.3617691700738
1374.1200519950728,16,Tshirts,Tshirt2,HongKong,1374.1200519950728
-3319.517830742157,2,Tshirts,Tshirt2,Oman,-3319.517830742157
431.69075513284724,17,Tshirts,Tshirt2,Oman,431.69075513284724
-2319.1955411754889,6,Tshirts,Tshirt2,Oman,-2319.1955411754889
931.85189991618063,19,Tshirts,Tshirt2,Oman,931.85189991618063
346.10872900514789,10,Tshirts,Tshirt2,Norway,346.10872900514789
846.26987378848162,12,Tshirts,Tshirt2,Norway,846.26987378848162
1215.5422089350805,18,Tshirts,Tshirt2,Germany,1215.5422089350805
-1377.870180464819,7,Tshirts,Tshirt2,Qatar,-1377.870180464819
872.85497106018329,16,Tshirts,Tshirt2,Qatar,872.85497106018329
17179.514678441163,14,Tshirts,Tshirt3,Japan,17179.514678441163
14428.628382132825,3,Tshirts,Tshirt3,Japan,14428.628382132825
3504.3000595299045,4,Tshirts,Tshirt3,SriLanka,3504.3000595299045
2754.0583423549033,1,Tshirts,Tshirt3,SriLanka,2754.0583423549033
5004.783493879906,10,Tshirts,Tshirt3,SriLanka,5004.783493879906
1833.2365517828812,20,Tshirts,Tshirt3,Oman,1833.2365517828812
-917.64974452545539,9,Tshirts,Tshirt3,Oman,-917.64974452545539
-1667.8914617004561,6,Tshirts,Tshirt3,Oman,-1667.8914617004561
-417.48859974212155,11,Tshirts,Tshirt3,Oman,-417.48859974212155
-2.9094810864866076,6,Tshirts,Tshirt3,Norway,-2.9094810864866076
2998.0573876135168,18,Tshirts,Tshirt3,Norway,2998.0573876135168
747.332236088514,9,Tshirts,Tshirt3,Norway,747.332236088514
-252.99005347815364,5,Tshirts,Tshirt3,Norway,-252.99005347815364
1866.8462884101136,18,Tshirts,Tshirt3,Germany,1866.8462884101136
-1884.3622974648906,3,Tshirts,Tshirt3,Germany,-1884.3622974648906
1524.1590505352165,16,Tshirts,Tshirt3,Qatar,1524.1590505352165
-1976.9689629481204,2,Tshirts,Tshirt3,Qatar,-1976.9689629481204
1524.1590505352165,16,Tshirts,Tshirt3,Qatar,1524.1590505352165
-1976.9689629481204,2,Tshirts,Tshirt3,Qatar,-1976.9689629481204
-1226.7272457731196,5,Tshirts,Tshirt3,Qatar,-1226.7272457731196
18227.443938752305,12,Tshirts,Tshirt4,Japan,18227.443938752305
20228.088517885641,20,Tshirts,Tshirt4,Japan,20228.088517885641
6052.7127541910477,8,Tshirts,Tshirt4,SriLanka,6052.7127541910477
5552.5516094077138,6,Tshirts,Tshirt4,SriLanka,5552.5516094077138
5302.4710370160474,5,Tshirts,Tshirt4,SriLanka,5302.4710370160474
6552.8738989743815,10,Tshirts,Tshirt4,SriLanka,6552.8738989743815
5802.63218179938,7,Tshirts,Tshirt4,SriLanka,5802.63218179938
6302.7933265827151,9,Tshirts,Tshirt4,SriLanka,6302.7933265827151
6302.7933265827151,9,Tshirts,Tshirt4,SriLanka,6302.7933265827151
2323.1116746062471,11,Tshirts,Tshirt4,HongKong,2323.1116746062471
3073.3533917812474,14,Tshirts,Tshirt4,HongKong,3073.3533917812474
2323.1116746062471,11,Tshirts,Tshirt4,HongKong,2323.1116746062471
1572.8699574312461,8,Tshirts,Tshirt4,HongKong,1572.8699574312461
1380.6823777440209,12,Tshirts,Tshirt4,Oman,1380.6823777440209
2130.9240949190221,15,Tshirts,Tshirt4,Oman,2130.9240949190221
1045.0197792246549,4,Tshirts,Tshirt4,Norway,1045.0197792246549
2545.5032135746565,10,Tshirts,Tshirt4,Norway,2545.5032135746565
-586.352464762082,2,Tshirts,Tshirt4,Germany,-586.352464762082
1414.2921143712533,10,Tshirts,Tshirt4,Germany,1414.2921143712533
3915.0978382879225,20,Tshirts,Tshirt4,Germany,3915.0978382879225
3164.8561211129222,17,Tshirts,Tshirt4,Germany,3164.8561211129222
1414.2921143712533,10,Tshirts,Tshirt4,Germany,1414.2921143712533
3915.0978382879225,20,Tshirts,Tshirt4,Germany,3915.0978382879225
2572.0883108463581,14,Tshirts,Tshirt4,Qatar,2572.0883108463581
20475.193944644874,18,Tshirts,Tshirt5,Japan,20475.193944644874
20475.193944644874,18,Tshirts,Tshirt5,Japan,20475.193944644874
5799.6570361669483,4,Tshirts,Tshirt5,SriLanka,5799.6570361669483
6799.979325733616,8,Tshirts,Tshirt5,SriLanka,6799.979325733616
7300.1404705169489,10,Tshirts,Tshirt5,SriLanka,7300.1404705169489
5299.4958913836135,2,Tshirts,Tshirt5,SriLanka,5299.4958913836135
6299.8181809502812,6,Tshirts,Tshirt5,SriLanka,6299.8181809502812
7300.1404705169489,10,Tshirts,Tshirt5,SriLanka,7300.1404705169489
7050.0598981252824,9,Tshirts,Tshirt5,SriLanka,7050.0598981252824
5799.6570361669483,4,Tshirts,Tshirt5,SriLanka,5799.6570361669483
6299.8181809502812,6,Tshirts,Tshirt5,SriLanka,6299.8181809502812
6799.979325733616,8,Tshirts,Tshirt5,SriLanka,6799.979325733616
7050.0598981252824,9,Tshirts,Tshirt5,SriLanka,7050.0598981252824
3128.2712388532568,16,Tshirts,Tshirt5,Oman,3128.2712388532568
3628.4323836365907,18,Tshirts,Tshirt5,Oman,3628.4323836365907
377.38494254492025,5,Tshirts,Tshirt5,Oman,377.38494254492025
1792.2863507672228,4,Tshirts,Tshirt5,Norway,1792.2863507672228
2042.3669231588897,5,Tshirts,Tshirt5,Norway,2042.3669231588897
410.9946791721527,3,Tshirts,Tshirt5,Germany,410.9946791721527
2661.7198306971554,12,Tshirts,Tshirt5,Germany,2661.7198306971554
4069.5965995639276,17,Tshirts,Tshirt5,Qatar,4069.5965995639276
4569.75774434726,19,Tshirts,Tshirt5,Qatar,4569.75774434726
17007.694738207272,12,Tshirts,Tshirt6,Japan,17007.694738207272
16757.614165815605,11,Tshirts,Tshirt6,Japan,16757.614165815605
3582.56069168768,3,Tshirts,Tshirt6,SriLanka,3582.56069168768
3082.3995469043457,1,Tshirts,Tshirt6,SriLanka,3082.3995469043457
3332.4801192960131,2,Tshirts,Tshirt6,SriLanka,3332.4801192960131
3082.3995469043457,1,Tshirts,Tshirt6,SriLanka,3082.3995469043457
2603.8459084112155,17,Tshirts,Tshirt6,HongKong,2603.8459084112155
3104.0070531945485,19,Tshirts,Tshirt6,HongKong,3104.0070531945485
603.20132927788,9,Tshirts,Tshirt6,HongKong,603.20132927788
353.12075688621303,8,Tshirts,Tshirt6,HongKong,353.12075688621303
-1397.4432498554556,1,Tshirts,Tshirt6,HongKong,-1397.4432498554556
2353.7653360195482,16,Tshirts,Tshirt6,HongKong,2353.7653360195482
-147.0403878971207,6,Tshirts,Tshirt6,HongKong,-147.0403878971207
-1089.4696847593468,7,Tshirts,Tshirt6,Oman,-1089.4696847593468
3076.3180197712923,17,Tshirts,Tshirt6,Norway,3076.3180197712923
75.351151071288768,5,Tshirts,Tshirt6,Norway,75.351151071288768
75.351151071288768,5,Tshirts,Tshirt6,Norway,75.351151071288768
-174.72942132037815,4,Tshirts,Tshirt6,Norway,-174.72942132037815
1695.0263481762217,16,Tshirts,Tshirt6,Germany,1695.0263481762217
194.54291382622023,10,Tshirts,Tshirt6,Germany,194.54291382622023
-1305.9405205237813,4,Tshirts,Tshirt6,Germany,-1305.9405205237813
1695.0263481762217,16,Tshirts,Tshirt6,Germany,1695.0263481762217
-1148.4666136153442,4,Tshirts,Tshirt6,Qatar,-1148.4666136153442
2852.8225446513266,20,Tshirts,Tshirt6,Qatar,2852.8225446513266
7428.4224262196522,10,Water bottles,WaterBottle1,SriLanka,7428.4224262196522
7428.4224262196522,10,Water bottles,WaterBottle1,SriLanka,7428.4224262196522
5677.8584194779842,3,Water bottles,WaterBottle1,SriLanka,5677.8584194779842
7428.4224262196522,10,Water bottles,WaterBottle1,SriLanka,7428.4224262196522
6678.1807090446518,7,Water bottles,WaterBottle1,SriLanka,6678.1807090446518
5177.69727469465,1,Water bottles,WaterBottle1,SriLanka,5177.69727469465
7428.4224262196522,10,Water bottles,WaterBottle1,SriLanka,7428.4224262196522
6178.019564261318,5,Water bottles,WaterBottle1,SriLanka,6178.019564261318
7428.4224262196522,10,Water bottles,WaterBottle1,SriLanka,7428.4224262196522
6428.1001366529845,6,Water bottles,WaterBottle1,SriLanka,6428.1001366529845
8231.7300552412344,7,Water bottles,WaterBottle2,SriLanka,8231.7300552412344
8981.9717724162365,10,Water bottles,WaterBottle2,SriLanka,8981.9717724162365
7731.5689104579005,5,Water bottles,WaterBottle2,SriLanka,7731.5689104579005
8481.8106276329017,8,Water bottles,WaterBottle2,SriLanka,8481.8106276329017
7231.4077656745667,3,Water bottles,WaterBottle2,SriLanka,7231.4077656745667
7325.0090517730805,8,Water bottles,WaterBottle3,SriLanka,7325.0090517730805
6074.6061898147464,3,Water bottles,WaterBottle3,SriLanka,6074.6061898147464
7325.0090517730805,8,Water bottles,WaterBottle3,SriLanka,7325.0090517730805
7825.1701965564143,10,Water bottles,WaterBottle3,SriLanka,7825.1701965564143
7575.0896241647479,9,Water bottles,WaterBottle3,SriLanka,7575.0896241647479
6824.8479069897467,6,Water bottles,WaterBottle3,SriLanka,6824.8479069897467
6324.6867622064128,4,Water bottles,WaterBottle3,SriLanka,6324.6867622064128
3856.8232174360023,5,Water bottles,WaterBottle4,SriLanka,3856.8232174360023
3856.8232174360023,5,Water bottles,WaterBottle4,SriLanka,3856.8232174360023
3856.8232174360023,5,Water bottles,WaterBottle4,SriLanka,3856.8232174360023
2856.5009278693342,1,Water bottles,WaterBottle4,SriLanka,2856.5009278693342
2856.5009278693342,1,Water bottles,WaterBottle4,SriLanka,2856.5009278693342
4289.9725027015465,2,Water bottles,WaterBottle5,SriLanka,4289.9725027015465
5540.3753646598816,7,Water bottles,WaterBottle5,SriLanka,5540.3753646598816
5040.2142198765478,5,Water bottles,WaterBottle5,SriLanka,5040.2142198765478
5040.2142198765478,5,Water bottles,WaterBottle5,SriLanka,5040.2142198765478
5290.2947922682151,6,Water bottles,WaterBottle5,SriLanka,5290.2947922682151
6290.6170818348828,10,Water bottles,WaterBottle5,SriLanka,6290.6170818348828
5040.2142198765478,5,Water bottles,WaterBottle5,SriLanka,5040.2142198765478
4878.4166441508805,6,Water bottles,WaterBottle6,SriLanka,4878.4166441508805
5128.497216542547,7,Water bottles,WaterBottle6,SriLanka,5128.497216542547
4878.4166441508805,6,Water bottles,WaterBottle6,SriLanka,4878.4166441508805
4128.17492697588,3,Water bottles,WaterBottle6,SriLanka,4128.17492697588
1765.8021850669309,8,Shoes,Adidas Shoes,India,1765.8021850669309
2265.9633298502649,10,Shoes,Adidas Shoes,India,2265.9633298502649
265.31875071692929,2,Shoes,Adidas Shoes,India,265.31875071692929
880.6493675066456,4,Shoes,Bata Shoes,India,880.6493675066456
1742.2999145769211,8,Shoes,Nike Shoes,India,1742.2999145769211
-8.26409216474758,1,Shoes,Nike Shoes,India,-8.26409216474758
1492.2193421852542,7,Shoes,Nike Shoes,India,1492.2193421852542
1242.1387697935872,6,Shoes,Nike Shoes,India,1242.1387697935872
2066.6445119440723,10,Tshirts,Nike Tshirt,India,2066.6445119440723
1547.8646873412306,9,Tshirts,Peter England Tshirt,India,1547.8646873412306
1047.7035425578968,7,Tshirts,Peter England Tshirt,India,1047.7035425578968
-452.779891792105,1,Tshirts,Peter England Tshirt,India,-452.779891792105
1547.8646873412306,9,Tshirts,Peter England Tshirt,India,1547.8646873412306
881.44327581782591,6,Shoes,Reebok Shoes,India,881.44327581782591
881.44327581782591,6,Shoes,Reebok Shoes,India,881.44327581782591
381.28213103449195,4,Shoes,Reebok Shoes,India,381.28213103449195
985.01548072094329,7,Water bottles,Cello Water bottles,India,985.01548072094329
1432.5814666965241,8,Water bottles,Kinley Water bottles,India,1432.5814666965241
1932.7426114798579,10,Water bottles,Kinley Water bottles,India,1932.7426114798579
745.33454729220034,3,Water bottles,Milton Water bottles,India,745.33454729220034
495.25397490053348,2,Water bottles,Milton Water bottles,India,495.25397490053348
745.33454729220034,3,Water bottles,Milton Water bottles,India,745.33454729220034
1027.2265333766397,6,Water bottles,Tupperware Water bottles,India,1027.2265333766397
2069.278729449964,9,Jeans,Lee Jeans,India,2069.278729449964
68.634150316628393,1,Jeans,Lee Jeans,India,68.634150316628393
-108.41500986968026,1,Jeans,Levi's Jeans,India,-108.41500986968026
891.90727969698776,5,Jeans,Levi's Jeans,India,891.90727969698776
1450.0911937200876,9,Jeans,Mufti Jeans,India,1450.0911937200876
1603.6664582886804,9,Jeans,Wrangler Jeans,India,1603.6664582886804
1853.7470306803475,10,Jeans,Wrangler Jeans,India,1853.7470306803475
-146.89754845298808,2,Jeans,Wrangler Jeans,India,-146.89754845298808
1380.8105122899794,6,Shoes,Bata Shoes,India,1380.8105122899794
1992.3804869685882,9,Shoes,Nike Shoes,India,1992.3804869685882
741.9776250102534,4,Shoes,Nike Shoes,India,741.9776250102534
631.36270342615887,5,Shoes,Reebok Shoes,India,631.36270342615887
1166.6444223231251,9,Shoes,Woodland Shoes,India,1166.6444223231251
1416.724994714792,10,Shoes,Woodland Shoes,India,1416.724994714792
544.29206526429743,3,Smart Phone,OnePlus Smart Phone,India,544.29206526429743
187.73813871018228,3,Smart Phone,Redmi Smart Phone,India,187.73813871018228
687.89928349351612,5,Smart Phone,Redmi Smart Phone,India,687.89928349351612
687.89928349351612,5,Smart Phone,Redmi Smart Phone,India,687.89928349351612
-12.500752897518851,2,Smart Phone,Samsung Smart Phone,India,-12.500752897518851
987.82153666914894,6,Smart Phone,Samsung Smart Phone,India,987.82153666914894
589.53554152705942,6,Smart Phone,Vivo Smart Phone,India,589.53554152705942
839.61611391872623,7,Smart Phone,Vivo Smart Phone,India,839.61611391872623
839.61611391872623,7,Smart Phone,Vivo Smart Phone,India,839.61611391872623
665.80764534028788,5,Smart Phone,iPhone Smart Phone,India,665.80764534028788
1487.9167458483175,8,Water bottles,Aquafina Water bottles,India,1487.9167458483175
985.01548072094329,7,Water bottles,Cello Water bottles,India,985.01548072094329
734.93490832927648,6,Water bottles,Cello Water bottles,India,734.93490832927648
1777.4682505516405,9,Water bottles,Tupperware Water bottles,India,1777.4682505516405
527.06538859330567,4,Water bottles,Tupperware Water bottles,India,527.06538859330567
1319.0370122749632,6,Jeans,Lee Jeans,India,1319.0370122749632
68.634150316628393,1,Jeans,Lee Jeans,India,68.634150316628393
818.87586749162938,4,Jeans,Lee Jeans,India,818.87586749162938
1892.2295692636555,9,Jeans,Levi's Jeans,India,1892.2295692636555
199.68833176175281,4,Jeans,Mufti Jeans,India,199.68833176175281
165.53265214129055,2,Jeans,Pepe Jeans Jeans,India,165.53265214129055
2166.1772312746261,10,Jeans,Pepe Jeans Jeans,India,2166.1772312746261
353.26359633034571,4,Jeans,Wrangler Jeans,India,353.26359633034571
987.75560106498369,6,Water bottles,Aquafina Water bottles,India,987.75560106498369
737.67502867331666,5,Water bottles,Aquafina Water bottles,India,737.67502867331666
1485.1766255042771,9,Water bottles,Cello Water bottles,India,1485.1766255042771
484.85433593760939,5,Water bottles,Cello Water bottles,India,484.85433593760939
-67.901967653477413,2,Water bottles,Kinley Water bottles,India,-67.901967653477413
932.42032191319026,6,Water bottles,Kinley Water bottles,India,932.42032191319026
237.51388388998271,3,Water bottles,Aquafina Water bottles,India,237.51388388998271
-515.46795362905846,1,Water bottles,Cello Water bottles,India,-515.46795362905846
-15.30680884572439,3,Water bottles,Cello Water bottles,India,-15.30680884572439
-67.901967653477413,2,Water bottles,Kinley Water bottles,India,-67.901967653477413
495.25397490053348,2,Water bottles,Milton Water bottles,India,495.25397490053348
2495.898554033869,10,Water bottles,Milton Water bottles,India,2495.898554033869
1527.3876781599736,8,Water bottles,Tupperware Water bottles,India,1527.3876781599736
26.904243809971831,2,Water bottles,Tupperware Water bottles,India,26.904243809971831
1133.1672105591956,5,Tshirts,Adidas Tshirt,India,1133.1672105591956
-184.08063958092998,1,Tshirts,Nike Tshirt,India,-184.08063958092998
1797.9452597328975,10,Tshirts,Peter England Tshirt,India,1797.9452597328975
1450.7099381423307,8,Tshirts,Zara Tshirt,India,1450.7099381423307
200.30707618399606,3,Tshirts,Zara Tshirt,India,200.30707618399606
950.54879335899682,6,Tshirts,Zara Tshirt,India,950.54879335899682
568.79529509996246,3,Jeans,Lee Jeans,India,568.79529509996246
141.66556252198689,2,Jeans,Levi's Jeans,India,141.66556252198689
1141.9878520886548,6,Jeans,Levi's Jeans,India,1141.9878520886548
1892.2295692636555,9,Jeans,Levi's Jeans,India,1892.2295692636555
141.66556252198689,2,Jeans,Levi's Jeans,India,141.66556252198689
141.66556252198689,2,Jeans,Levi's Jeans,India,141.66556252198689
641.82670730532084,4,Jeans,Levi's Jeans,India,641.82670730532084
1700.1717661117546,10,Jeans,Mufti Jeans,India,1700.1717661117546
-84.547920250376592,1,Jeans,Pepe Jeans Jeans,India,-84.547920250376592
1603.6664582886804,9,Jeans,Wrangler Jeans,India,1603.6664582886804
1429.5566818486193,7,Perfumes,AXE Perfumes,India,1429.5566818486193
929.39553706528523,5,Perfumes,AXE Perfumes,India,929.39553706528523
1429.5566818486193,7,Perfumes,AXE Perfumes,India,1429.5566818486193
-70.92675250138268,1,Perfumes,AXE Perfumes,India,-70.92675250138268
1179.4761094569524,6,Perfumes,AXE Perfumes,India,1179.4761094569524
617.65024814007552,2,Perfumes,Denver Perfumes,India,617.65024814007552
617.65024814007552,2,Perfumes,Denver Perfumes,India,617.65024814007552
867.73082053174244,3,Perfumes,Denver Perfumes,India,867.73082053174244
145.10226569234146,2,Perfumes,Fogg Perfumes,India,145.10226569234146
145.10226569234146,2,Perfumes,Fogg Perfumes,India,145.10226569234146
395.18283808400832,3,Perfumes,Fogg Perfumes,India,395.18283808400832
1395.5051276506761,7,Perfumes,Fogg Perfumes,India,1395.5051276506761
895.34398286734222,5,Perfumes,Fogg Perfumes,India,895.34398286734222
145.10226569234146,2,Perfumes,Fogg Perfumes,India,145.10226569234146
1645.585700042343,8,Perfumes,Fogg Perfumes,India,1645.585700042343
1129.449506972589,7,Perfumes,Park Avenue Perfumes,India,1129.449506972589
1379.5300793642562,8,Perfumes,Park Avenue Perfumes,India,1379.5300793642562
1050.7250691822405,5,Perfumes,Wild Stone Perfumes,India,1050.7250691822405
1550.8862139655744,7,Perfumes,Wild Stone Perfumes,India,1550.8862139655744
800.64449679057361,4,Perfumes,Wild Stone Perfumes,India,800.64449679057361
1550.8862139655744,7,Perfumes,Wild Stone Perfumes,India,1550.8862139655744
1050.7250691822405,5,Perfumes,Wild Stone Perfumes,India,1050.7250691822405
294.21149287263046,2,Smart Phone,OnePlus Smart Phone,India,294.21149287263046
187.73813871018228,3,Smart Phone,Redmi Smart Phone,India,187.73813871018228
1738.0632538441498,9,Smart Phone,Samsung Smart Phone,India,1738.0632538441498
1237.9021090608157,7,Smart Phone,Samsung Smart Phone,India,1237.9021090608157
987.82153666914894,6,Smart Phone,Samsung Smart Phone,India,987.82153666914894
1416.0493625152887,8,Smart Phone,iPhone Smart Phone,India,1416.0493625152887
568.79529509996246,3,Jeans,Lee Jeans,India,568.79529509996246
391.74613491365386,3,Jeans,Levi's Jeans,India,391.74613491365386
1392.0684244803217,7,Jeans,Levi's Jeans,India,1392.0684244803217
641.82670730532084,4,Jeans,Levi's Jeans,India,641.82670730532084
199.68833176175281,4,Jeans,Mufti Jeans,India,199.68833176175281
665.69379692462439,4,Jeans,Pepe Jeans Jeans,India,665.69379692462439
1666.0160864912921,8,Jeans,Pepe Jeans Jeans,India,1666.0160864912921
1353.5858858970134,8,Jeans,Wrangler Jeans,India,1353.5858858970134
603.34416872201257,5,Jeans,Wrangler Jeans,India,603.34416872201257
1383.2477829508628,6,Tshirts,Adidas Tshirt,India,1383.2477829508628
883.08663816752869,4,Tshirts,Adidas Tshirt,India,883.08663816752869
566.161077594071,4,Tshirts,Nike Tshirt,India,566.161077594071
1566.4833671607389,8,Tshirts,Nike Tshirt,India,1566.4833671607389
1297.7841149495637,8,Tshirts,Peter England Tshirt,India,1297.7841149495637
1356.0447988914348,6,Tshirts,Puma Tshirt,India,1356.0447988914348
355.72250932476703,2,Tshirts,Puma Tshirt,India,355.72250932476703
105.64193693309994,1,Tshirts,Puma Tshirt,India,105.64193693309994
-49.77349620767086,2,Tshirts,Zara Tshirt,India,-49.77349620767086
1950.8710829256645,10,Tshirts,Zara Tshirt,India,1950.8710829256645
2265.9633298502649,10,Shoes,Adidas Shoes,India,2265.9633298502649
15.238178325262197,1,Shoes,Adidas Shoes,India,15.238178325262197
265.31875071692929,2,Shoes,Adidas Shoes,India,265.31875071692929
1130.7299398983125,5,Shoes,Bata Shoes,India,1130.7299398983125
630.56879511497868,3,Shoes,Bata Shoes,India,630.56879511497868
880.6493675066456,4,Shoes,Bata Shoes,India,880.6493675066456
241.81648022691957,2,Shoes,Nike Shoes,India,241.81648022691957
881.44327581782591,6,Shoes,Reebok Shoes,India,881.44327581782591
-118.87901374884177,2,Shoes,Reebok Shoes,India,-118.87901374884177
916.56384993145821,8,Shoes,Woodland Shoes,India,916.56384993145821
568.79529509996246,3,Jeans,Lee Jeans,India,568.79529509996246
818.87586749162938,4,Jeans,Lee Jeans,India,818.87586749162938
2319.3593018416313,10,Jeans,Lee Jeans,India,2319.3593018416313
1892.2295692636555,9,Jeans,Levi's Jeans,India,1892.2295692636555
1700.1717661117546,10,Jeans,Mufti Jeans,India,1700.1717661117546
1200.0106213284207,8,Jeans,Mufti Jeans,India,1200.0106213284207
165.53265214129055,2,Jeans,Pepe Jeans Jeans,India,165.53265214129055
353.26359633034571,4,Jeans,Wrangler Jeans,India,353.26359633034571
353.26359633034571,4,Jeans,Wrangler Jeans,India,353.26359633034571
1487.9167458483175,8,Water bottles,Aquafina Water bottles,India,1487.9167458483175
1735.257197895944,10,Water bottles,Cello Water bottles,India,1735.257197895944
-317.98254004514456,1,Water bottles,Kinley Water bottles,India,-317.98254004514456
495.25397490053348,2,Water bottles,Milton Water bottles,India,495.25397490053348
777.1459609849727,5,Water bottles,Tupperware Water bottles,India,777.1459609849727
276.98481620163881,3,Water bottles,Tupperware Water bottles,India,276.98481620163881
816.24164998573792,5,Tshirts,Nike Tshirt,India,816.24164998573792
566.161077594071,4,Tshirts,Nike Tshirt,India,566.161077594071
1047.7035425578968,7,Tshirts,Peter England Tshirt,India,1047.7035425578968
1856.2059436747686,8,Tshirts,Puma Tshirt,India,1856.2059436747686
605.803081716434,3,Tshirts,Puma Tshirt,India,605.803081716434
1606.1253712831017,7,Tshirts,Puma Tshirt,India,1606.1253712831017
1105.9642264997678,5,Tshirts,Puma Tshirt,India,1105.9642264997678
200.30707618399606,3,Tshirts,Zara Tshirt,India,200.30707618399606
950.54879335899682,6,Tshirts,Zara Tshirt,India,950.54879335899682
1679.6372542402862,8,Perfumes,AXE Perfumes,India,1679.6372542402862
1429.5566818486193,7,Perfumes,AXE Perfumes,India,1429.5566818486193
-70.92675250138268,1,Perfumes,AXE Perfumes,India,-70.92675250138268
367.56967574840843,1,Perfumes,Denver Perfumes,India,367.56967574840843
1645.585700042343,8,Perfumes,Fogg Perfumes,India,1645.585700042343
1879.69122414759,10,Perfumes,Park Avenue Perfumes,India,1879.69122414759
1800.9667863572413,8,Perfumes,Wild Stone Perfumes,India,1800.9667863572413
2051.0473587489087,9,Perfumes,Wild Stone Perfumes,India,2051.0473587489087
1188.06042827685,7,Smart Phone,Redmi Smart Phone,India,1188.06042827685
1938.3021454518509,10,Smart Phone,Redmi Smart Phone,India,1938.3021454518509
437.81871110184915,4,Smart Phone,Redmi Smart Phone,India,437.81871110184915
737.74096427748191,5,Smart Phone,Samsung Smart Phone,India,737.74096427748191
1738.0632538441498,9,Smart Phone,Samsung Smart Phone,India,1738.0632538441498
1589.8578310937271,10,Smart Phone,Vivo Smart Phone,India,1589.8578310937271
1429.5566818486193,7,Perfumes,AXE Perfumes,India,1429.5566818486193
-70.92675250138268,1,Perfumes,AXE Perfumes,India,-70.92675250138268
1929.7178266319531,9,Perfumes,AXE Perfumes,India,1929.7178266319531
1617.9725377067434,6,Perfumes,Denver Perfumes,India,1617.9725377067434
1395.5051276506761,7,Perfumes,Fogg Perfumes,India,1395.5051276506761
395.18283808400832,3,Perfumes,Fogg Perfumes,India,395.18283808400832
895.34398286734222,5,Perfumes,Fogg Perfumes,India,895.34398286734222
1379.5300793642562,8,Perfumes,Park Avenue Perfumes,India,1379.5300793642562
1879.69122414759,10,Perfumes,Park Avenue Perfumes,India,1879.69122414759
1379.5300793642562,8,Perfumes,Park Avenue Perfumes,India,1379.5300793642562
129.12721740592133,3,Perfumes,Park Avenue Perfumes,India,129.12721740592133
300.48335200723972,2,Perfumes,Wild Stone Perfumes,India,300.48335200723972
1050.7250691822405,5,Perfumes,Wild Stone Perfumes,India,1050.7250691822405
237.51388388998271,3,Water bottles,Aquafina Water bottles,India,237.51388388998271
1237.8361734566506,7,Water bottles,Aquafina Water bottles,India,1237.8361734566506
1432.5814666965241,8,Water bottles,Kinley Water bottles,India,1432.5814666965241
1182.5008943048572,7,Water bottles,Kinley Water bottles,India,1182.5008943048572
1682.662039088191,9,Water bottles,Kinley Water bottles,India,1682.662039088191
432.25917712985637,4,Water bottles,Kinley Water bottles,India,432.25917712985637
245.17340250886627,1,Water bottles,Milton Water bottles,India,245.17340250886627
495.25397490053348,2,Water bottles,Milton Water bottles,India,495.25397490053348
1777.4682505516405,9,Water bottles,Tupperware Water bottles,India,1777.4682505516405
1777.4682505516405,9,Water bottles,Tupperware Water bottles,India,1777.4682505516405
1027.2265333766397,6,Water bottles,Tupperware Water bottles,India,1027.2265333766397
-223.17632858169509,1,Water bottles,Tupperware Water bottles,India,-223.17632858169509
1527.3876781599736,8,Water bottles,Tupperware Water bottles,India,1527.3876781599736
26.904243809971831,2,Water bottles,Tupperware Water bottles,India,26.904243809971831
1068.9564398832963,5,Jeans,Lee Jeans,India,1068.9564398832963
1068.9564398832963,5,Jeans,Lee Jeans,India,1068.9564398832963
449.76890415341978,5,Jeans,Mufti Jeans,India,449.76890415341978
1700.1717661117546,10,Jeans,Mufti Jeans,India,1700.1717661117546
915.77436931629131,5,Jeans,Pepe Jeans Jeans,India,915.77436931629131
-396.97812084465522,1,Jeans,Wrangler Jeans,India,-396.97812084465522
1938.3021454518509,10,Smart Phone,Redmi Smart Phone,India,1938.3021454518509
437.81871110184915,4,Smart Phone,Redmi Smart Phone,India,437.81871110184915
937.97985588518316,6,Smart Phone,Redmi Smart Phone,India,937.97985588518316
1738.0632538441498,9,Smart Phone,Samsung Smart Phone,India,1738.0632538441498
987.82153666914894,6,Smart Phone,Samsung Smart Phone,India,987.82153666914894
1738.0632538441498,9,Smart Phone,Samsung Smart Phone,India,1738.0632538441498
-12.500752897518851,2,Smart Phone,Samsung Smart Phone,India,-12.500752897518851
987.82153666914894,6,Smart Phone,Samsung Smart Phone,India,987.82153666914894
1294.5337824392982,6,Smart Phone,OnePlus Smart Phone,India,1294.5337824392982
1794.6949272226323,8,Smart Phone,OnePlus Smart Phone,India,1794.6949272226323
589.53554152705942,6,Smart Phone,Vivo Smart Phone,India,589.53554152705942
1666.1299349069557,9,Smart Phone,iPhone Smart Phone,India,1666.1299349069557
915.88821773195491,6,Smart Phone,iPhone Smart Phone,India,915.88821773195491
-334.51464422637991,1,Smart Phone,iPhone Smart Phone,India,-334.51464422637991
1916.2105072986228,10,Smart Phone,iPhone Smart Phone,India,1916.2105072986228
2015.882757458598,9,Shoes,Adidas Shoes,India,2015.882757458598
1765.8021850669309,8,Shoes,Adidas Shoes,India,1765.8021850669309
265.31875071692929,2,Shoes,Adidas Shoes,India,265.31875071692929
515.39932310859626,3,Shoes,Adidas Shoes,India,515.39932310859626
380.48822272331171,2,Shoes,Bata Shoes,India,380.48822272331171
380.48822272331171,2,Shoes,Bata Shoes,India,380.48822272331171
-8.26409216474758,1,Shoes,Nike Shoes,India,-8.26409216474758
992.05819740192032,5,Shoes,Nike Shoes,India,992.05819740192032
1631.6849929928267,9,Shoes,Reebok Shoes,India,1631.6849929928267
1881.7655653844936,10,Shoes,Reebok Shoes,India,1881.7655653844936
416.40270514812431,6,Shoes,Woodland Shoes,India,416.40270514812431
544.29206526429743,3,Smart Phone,OnePlus Smart Phone,India,544.29206526429743
1938.3021454518509,10,Smart Phone,Redmi Smart Phone,India,1938.3021454518509
1487.9826814524829,8,Smart Phone,Samsung Smart Phone,India,1487.9826814524829
339.45496913539233,5,Smart Phone,Vivo Smart Phone,India,339.45496913539233
339.45496913539233,5,Smart Phone,Vivo Smart Phone,India,339.45496913539233
1589.8578310937271,10,Smart Phone,Vivo Smart Phone,India,1589.8578310937271
-160.70617564794156,3,Smart Phone,Vivo Smart Phone,India,-160.70617564794156
1179.4761094569524,6,Perfumes,AXE Perfumes,India,1179.4761094569524
1133.1672105591956,5,Tshirts,Adidas Tshirt,India,1133.1672105591956
1367.8919653150763,5,Perfumes,Denver Perfumes,India,1367.8919653150763
1379.5300793642562,8,Perfumes,Park Avenue Perfumes,India,1379.5300793642562
797.62297016622983,6,Tshirts,Peter England Tshirt,India,797.62297016622983
1047.7035425578968,7,Tshirts,Peter England Tshirt,India,1047.7035425578968
547.54239777456291,5,Tshirts,Peter England Tshirt,India,547.54239777456291
1797.9452597328975,10,Tshirts,Peter England Tshirt,India,1797.9452597328975
797.62297016622983,6,Tshirts,Peter England Tshirt,India,797.62297016622983
1105.9642264997678,5,Tshirts,Puma Tshirt,India,1105.9642264997678
105.64193693309994,1,Tshirts,Puma Tshirt,India,105.64193693309994
105.64193693309994,1,Tshirts,Puma Tshirt,India,105.64193693309994
2356.3670884581024,10,Tshirts,Puma Tshirt,India,2356.3670884581024
550.56392439890669,3,Perfumes,Wild Stone Perfumes,India,550.56392439890669
800.64449679057361,4,Perfumes,Wild Stone Perfumes,India,800.64449679057361
450.38764857566287,4,Tshirts,Zara Tshirt,India,450.38764857566287
-70.92675250138268,1,Perfumes,AXE Perfumes,India,-70.92675250138268
1645.585700042343,8,Perfumes,Fogg Perfumes,India,1645.585700042343
-120.95335498574559,2,Perfumes,Park Avenue Perfumes,India,-120.95335498574559
50.402779615572626,1,Perfumes,Wild Stone Perfumes,India,50.402779615572626
300.48335200723972,2,Perfumes,Wild Stone Perfumes,India,300.48335200723972
1265.641040283597,6,Shoes,Adidas Shoes,India,1265.641040283597
765.47989550026318,4,Shoes,Adidas Shoes,India,765.47989550026318
765.47989550026318,4,Shoes,Adidas Shoes,India,765.47989550026318
1630.8910846816464,7,Shoes,Bata Shoes,India,1630.8910846816464
2242.4610593602551,10,Shoes,Nike Shoes,India,2242.4610593602551
2133.4895001258637,9,Tshirts,Adidas Tshirt,India,2133.4895001258637
132.8449209925277,1,Tshirts,Adidas Tshirt,India,132.8449209925277
1883.4089277341966,8,Tshirts,Adidas Tshirt,India,1883.4089277341966
132.8449209925277,1,Tshirts,Adidas Tshirt,India,132.8449209925277
1547.8646873412306,9,Tshirts,Peter England Tshirt,India,1547.8646873412306
297.46182538289594,4,Tshirts,Peter England Tshirt,India,297.46182538289594
105.64193693309994,1,Tshirts,Puma Tshirt,India,105.64193693309994